time,latitude,latitude_direction,longitude,longitude_direction,fix,numOfSat,horizontal_dilution,altitude,direct_of_altitude,altitude_location,speed,date
173845.878,5109.4000,N,00641.6735,E,1,04,14.5,123.1,M,47.6, , 
173846.878,5109.4000,N,00641.6735,E,1,04,14.5,123.0,M,47.6, , 
173847.878,5109.4000,N,00641.6735,E,1,04,14.4,123.1,M,47.6, , 
173848.878,5109.3999,N,00641.6734,E,1,04,14.4,123.3,M,47.6, , 
173849.878,5109.3998,N,00641.6732,E,1,04,14.4,123.5,M,47.6, , 
173850.878,5109.3997,N,00641.6731,E,1,04,14.4,123.7,M,47.6, , 
173851.878,5109.3996,N,00641.6729,E,1,04,14.4,123.9,M,47.6, , 
173852.878,5109.3995,N,00641.6728,E,1,04,14.4,124.0,M,47.6, , 
173853.878,5109.3994,N,00641.6727,E,1,04,14.3,124.1,M,47.6, , 
173854.878,5109.3994,N,00641.6727,E,1,04,14.3,124.1,M,47.6, , 
173855.878,5109.3994,N,00641.6726,E,1,04,14.3,124.1,M,47.6, , 
173856.878,5109.3993,N,00641.6727,E,1,04,14.3,124.0,M,47.6, , 
173857.878,5109.3993,N,00641.6727,E,1,04,14.3,123.9,M,47.6, , 
173858.878,5109.3993,N,00641.6728,E,1,04,14.3,123.8,M,47.6, , 
173859.878,5109.3994,N,00641.6728,E,1,04,14.2,123.6,M,47.6, , 
173900.878,5109.3994,N,00641.6729,E,1,04,14.2,123.4,M,47.6, , 
173901.878,5109.3994,N,00641.6730,E,1,04,14.2,123.2,M,47.6, , 
173902.877,5109.3995,N,00641.6732,E,1,04,14.2,122.9,M,47.6, , 
173903.877,5109.3995,N,00641.6733,E,1,04,14.2,122.7,M,47.6, , 
173904.877,5109.3995,N,00641.6734,E,1,04,14.2,122.4,M,47.6, , 
173905.877,5109.3996,N,00641.6735,E,1,04,14.1,122.2,M,47.6, , 
173906.877,5109.3996,N,00641.6736,E,1,04,14.1,122.0,M,47.6, , 
173907.877,5109.3996,N,00641.6737,E,1,04,14.1,121.8,M,47.6, , 
173908.877,5109.3996,N,00641.6738,E,1,04,14.1,121.6,M,47.6, , 
173909.877,5109.3996,N,00641.6738,E,1,04,14.1,121.5,M,47.6, , 
173910.877,5109.3996,N,00641.6739,E,1,04,14.1,121.4,M,47.6, , 
173911.877,5109.3996,N,00641.6739,E,1,04,14.1,121.3,M,47.6, , 
173912.877,5109.3997,N,00641.6740,E,1,04,14.0,121.2,M,47.6, , 
173913.877,5109.3997,N,00641.6741,E,1,04,14.0,121.0,M,47.6, , 
173914.877,5109.3997,N,00641.6742,E,1,04,14.0,120.9,M,47.6, , 
173915.877,5109.3997,N,00641.6743,E,1,04,14.0,120.9,M,47.6, , 
173916.877,5109.3996,N,00641.6743,E,1,04,14.0,120.9,M,47.6, , 
173917.877,5109.3996,N,00641.6743,E,1,04,14.0,121.0,M,47.6, , 
173918.876,5109.3995,N,00641.6743,E,1,04,13.9,121.0,M,47.6, , 
173919.876,5109.3995,N,00641.6743,E,1,04,13.9,121.1,M,47.6, , 
173920.876,5109.3995,N,00641.6743,E,1,04,13.9,121.2,M,47.6, , 
173921.876,5109.3994,N,00641.6743,E,1,04,13.9,121.2,M,47.6, , 
173922.876,5109.3994,N,00641.6743,E,1,04,13.9,121.2,M,47.6, , 
173923.876,5109.3994,N,00641.6743,E,1,04,13.9,121.2,M,47.6, , 
173924.876,5109.3994,N,00641.6744,E,1,04,13.8,121.2,M,47.6, , 
173925.876,5109.3994,N,00641.6743,E,1,04,13.8,121.2,M,47.6, , 
173926.876,5109.3994,N,00641.6743,E,1,04,13.8,121.2,M,47.6, , 
173927.876,5109.3993,N,00641.6743,E,1,04,13.8,121.3,M,47.6, , 
173928.876,5109.3993,N,00641.6743,E,1,04,13.8,121.3,M,47.6, , 
173929.876,5109.3993,N,00641.6742,E,1,04,13.8,121.3,M,47.6, , 
173930.876,5109.3993,N,00641.6742,E,1,04,13.8,121.3,M,47.6, , 
173931.876,5109.3993,N,00641.6742,E,1,04,13.7,121.3,M,47.6, , 
173932.876,5109.3993,N,00641.6742,E,1,04,13.7,121.3,M,47.6, , 
173933.876,5109.3993,N,00641.6742,E,1,04,13.7,121.3,M,47.6, , 
173934.876,5109.3993,N,00641.6742,E,1,04,13.7,121.2,M,47.6, , 
173935.875,5109.3993,N,00641.6743,E,1,04,13.7,121.2,M,47.6, , 
173936.875,5109.3992,N,00641.6743,E,1,04,13.7,121.2,M,47.6, , 
173937.875,5109.3992,N,00641.6742,E,1,04,13.7,121.3,M,47.6, , 
173938.875,5109.3991,N,00641.6742,E,1,04,13.6,121.4,M,47.6, , 
173939.875,5109.3991,N,00641.6741,E,1,04,13.6,121.6,M,47.6, , 
173940.875,5109.3990,N,00641.6740,E,1,04,13.6,121.7,M,47.6, , 
173941.875,5109.3989,N,00641.6739,E,1,04,13.6,121.9,M,47.6, , 
173942.875,5109.3989,N,00641.6738,E,1,04,13.6,122.1,M,47.6, , 
173943.875,5109.3988,N,00641.6737,E,1,04,13.6,122.2,M,47.6, , 
173944.875,5109.3988,N,00641.6737,E,1,04,13.5,122.3,M,47.6, , 
173945.875,5109.3988,N,00641.6737,E,1,04,13.5,122.4,M,47.6, , 
173946.875,5109.3987,N,00641.6737,E,1,04,13.5,122.4,M,47.6, , 
173947.875,5109.3987,N,00641.6737,E,1,04,13.5,122.4,M,47.6, , 
173948.875,5109.3987,N,00641.6738,E,1,04,13.5,122.4,M,47.6, , 
173949.875,5109.3987,N,00641.6738,E,1,04,13.5,122.4,M,47.6, , 
173950.875,5109.3987,N,00641.6738,E,1,04,13.5,122.4,M,47.6, , 
173951.874,5109.3987,N,00641.6739,E,1,04,13.4,122.4,M,47.6, , 
173952.874,5109.3987,N,00641.6739,E,1,04,13.4,122.3,M,47.6, , 
173953.874,5109.3987,N,00641.6740,E,1,04,13.4,122.2,M,47.6, , 
173954.874,5109.3987,N,00641.6740,E,1,04,13.4,122.2,M,47.6, , 
173955.874,5109.3987,N,00641.6741,E,1,04,13.4,122.2,M,47.6, , 
173956.874,5109.3986,N,00641.6741,E,1,04,13.4,122.2,M,47.6, , 
173957.874,5109.3986,N,00641.6740,E,1,04,13.4,122.3,M,47.6, , 
173958.874,5109.3985,N,00641.6740,E,1,04,13.3,122.4,M,47.6, , 
173959.874,5109.3985,N,00641.6740,E,1,04,13.3,122.5,M,47.6, , 
174000.874,5109.3985,N,00641.6740,E,1,04,13.3,122.5,M,47.6, , 
174001.874,5109.3985,N,00641.6741,E,1,04,13.3,122.5,M,47.6, , 
174002.874,5109.3985,N,00641.6741,E,1,04,13.3,122.5,M,47.6, , 
174003.874,5109.3984,N,00641.6741,E,1,04,13.3,122.6,M,47.6, , 
174004.874,5109.3984,N,00641.6740,E,1,04,13.3,122.7,M,47.6, , 
174005.874,5109.4003,N,00641.6784,E,1,05,3.9,116.5,M,47.6, , 
174006.874,5109.4013,N,00641.6808,E,1,05,3.9,113.2,M,47.6, , 
174007.874,5109.4018,N,00641.6820,E,1,05,3.9,111.4,M,47.6, , 
174008.873,5109.4023,N,00641.6831,E,1,05,3.9,109.8,M,47.6, , 
174009.873,5109.4025,N,00641.6837,E,1,05,3.9,109.0,M,47.6, , 
174010.873,5109.4028,N,00641.6842,E,1,05,3.9,108.3,M,47.6, , 
174011.873,5109.4030,N,00641.6848,E,1,05,3.9,107.5,M,47.6, , 
174012.873,5109.4032,N,00641.6852,E,1,05,3.9,106.9,M,47.6, , 
174013.873,5109.4033,N,00641.6856,E,1,05,3.9,106.3,M,47.6, , 
174014.873,5109.4033,N,00641.6858,E,1,05,3.9,106.1,M,47.6, , 
174015.873,5109.4034,N,00641.6860,E,1,05,3.9,105.8,M,47.6, , 
174016.873,5109.4036,N,00641.6863,E,1,05,3.9,105.3,M,47.6, , 
174017.873,5109.4037,N,00641.6866,E,1,05,3.9,104.8,M,47.6, , 
174018.873,5109.4038,N,00641.6870,E,1,05,3.9,104.2,M,47.6, , 
174019.873,5109.4040,N,00641.6872,E,1,05,3.9,103.8,M,47.6, , 
174020.873,5109.4040,N,00641.6874,E,1,05,3.9,103.4,M,47.6, , 
174021.873,5109.4041,N,00641.6875,E,1,05,3.9,103.1,M,47.6, , 
174022.873,5109.4041,N,00641.6875,E,1,05,3.9,103.0,M,47.6, , 
174023.873,5109.4041,N,00641.6875,E,1,05,3.9,102.9,M,47.6, , 
174024.872,5109.4041,N,00641.6874,E,1,05,3.9,103.0,M,47.6, , 
174025.872,5109.4040,N,00641.6872,E,1,05,3.9,103.1,M,47.6, , 
174026.872,5109.4039,N,00641.6870,E,1,05,3.9,103.3,M,47.6, , 
174027.872,5109.4038,N,00641.6867,E,1,05,3.9,103.6,M,47.6, , 
174028.872,5109.4037,N,00641.6864,E,1,05,3.9,103.9,M,47.6, , 
174029.872,5109.4035,N,00641.6862,E,1,05,3.9,104.1,M,47.6, , 
174030.872,5109.4035,N,00641.6860,E,1,05,3.9,104.2,M,47.6, , 
174031.872,5109.4034,N,00641.6860,E,1,05,3.9,104.1,M,47.6, , 
174032.872,5109.4034,N,00641.6859,E,1,05,3.9,104.1,M,47.6, , 
174033.872,5109.4034,N,00641.6860,E,1,05,3.9,103.9,M,47.6, , 
174034.872,5109.4035,N,00641.6860,E,1,05,3.9,103.7,M,47.6, , 
174035.872,5109.4035,N,00641.6860,E,1,05,3.9,103.6,M,47.6, , 
174036.872,5109.4035,N,00641.6860,E,1,05,3.9,103.5,M,47.6, , 
174037.872,5109.4035,N,00641.6860,E,1,05,3.9,103.3,M,47.6, , 
174038.872,5109.4035,N,00641.6860,E,1,05,3.9,103.2,M,47.6, , 
174039.872,5109.4035,N,00641.6860,E,1,05,3.9,103.0,M,47.6, , 
174040.872,5109.4035,N,00641.6860,E,1,05,3.9,102.8,M,47.6, , 
174041.871,5109.4035,N,00641.6861,E,1,05,3.9,102.7,M,47.6, , 
174042.871,5109.4035,N,00641.6861,E,1,05,3.9,102.6,M,47.6, , 
174043.871,5109.4035,N,00641.6862,E,1,05,3.9,102.6,M,47.6, , 
174044.871,5109.4035,N,00641.6863,E,1,05,3.9,102.4,M,47.6, , 
174045.871,5109.4036,N,00641.6864,E,1,05,3.9,102.3,M,47.6, , 
174046.871,5109.4036,N,00641.6865,E,1,05,3.9,102.2,M,47.6, , 
174047.871,5109.4036,N,00641.6867,E,1,05,3.9,102.0,M,47.6, , 
174048.871,5109.4037,N,00641.6869,E,1,05,3.9,101.8,M,47.6, , 
174049.871,5109.4038,N,00641.6871,E,1,05,3.9,101.6,M,47.6, , 
174050.871,5109.4039,N,00641.6874,E,1,05,3.9,101.4,M,47.6, , 
174051.871,5109.4040,N,00641.6876,E,1,05,3.9,101.2,M,47.6, , 
174052.871,5109.4041,N,00641.6877,E,1,05,3.9,101.0,M,47.6, , 
174053.871,5109.4042,N,00641.6879,E,1,05,3.9,100.8,M,47.6, , 
174054.871,5109.4042,N,00641.6881,E,1,05,3.9,100.5,M,47.6, , 
174055.871,5109.4043,N,00641.6882,E,1,05,3.9,100.2,M,47.6, , 
174056.871,5109.4043,N,00641.6883,E,1,05,3.9,99.9,M,47.6, , 
174057.870,5109.4044,N,00641.6884,E,1,05,3.9,99.6,M,47.6, , 
174058.870,5109.4044,N,00641.6885,E,1,05,3.9,99.5,M,47.6, , 
174059.870,5109.4044,N,00641.6885,E,1,05,3.9,99.4,M,47.6, , 
174100.870,5109.4044,N,00641.6885,E,1,05,3.9,99.3,M,47.6, , 
174101.870,5109.4044,N,00641.6885,E,1,05,3.9,99.4,M,47.6, , 
174102.870,5109.4043,N,00641.6883,E,1,05,3.9,99.5,M,47.6, , 
174103.870,5109.4042,N,00641.6883,E,1,05,3.9,99.7,M,47.6, , 
174104.870,5109.4042,N,00641.6882,E,1,05,3.9,99.9,M,47.6, , 
174105.870,5109.4041,N,00641.6881,E,1,05,3.9,100.1,M,47.6, , 
174106.870,5109.4041,N,00641.6882,E,1,05,3.9,100.2,M,47.6, , 
174107.870,5109.4041,N,00641.6882,E,1,05,3.9,100.3,M,47.6, , 
174108.870,5109.4041,N,00641.6882,E,1,05,3.9,100.4,M,47.6, , 
174109.870,5109.4041,N,00641.6882,E,1,05,3.9,100.5,M,47.6, , 
174110.870,5109.4041,N,00641.6882,E,1,05,3.9,100.7,M,47.6, , 
174111.870,5109.4040,N,00641.6881,E,1,05,3.9,100.9,M,47.6, , 
174112.870,5109.4040,N,00641.6881,E,1,05,3.9,101.0,M,47.6, , 
174113.870,5109.4040,N,00641.6881,E,1,05,3.9,101.1,M,47.6, , 
174114.869,5109.4040,N,00641.6881,E,1,05,3.9,101.3,M,47.6, , 
174115.869,5109.4040,N,00641.6881,E,1,05,3.9,101.5,M,47.6, , 
174116.869,5109.4039,N,00641.6880,E,1,05,3.9,101.6,M,47.6, , 
174117.869,5109.4038,N,00641.6879,E,1,05,3.9,101.8,M,47.6, , 
174118.869,5109.4038,N,00641.6877,E,1,05,3.9,102.1,M,47.6, , 
174119.869,5109.4037,N,00641.6876,E,1,05,3.9,102.3,M,47.6, , 
174120.869,5109.4036,N,00641.6874,E,1,05,3.9,102.6,M,47.6, , 
174121.869,5109.4035,N,00641.6873,E,1,05,3.9,102.8,M,47.6, , 
174122.869,5109.4035,N,00641.6872,E,1,05,3.9,102.9,M,47.6, , 
174123.869,5109.4034,N,00641.6871,E,1,05,3.9,103.1,M,47.6, , 
174124.869,5109.4034,N,00641.6871,E,1,05,3.9,103.2,M,47.6, , 
174125.869,5109.4034,N,00641.6870,E,1,05,3.9,103.4,M,47.6, , 
174126.869,5109.4034,N,00641.6870,E,1,05,3.9,103.7,M,47.6, , 
174127.869,5109.4034,N,00641.6870,E,1,05,3.9,103.8,M,47.6, , 
174128.869,5109.4034,N,00641.6870,E,1,05,3.9,104.0,M,47.6, , 
174129.869,5109.4034,N,00641.6870,E,1,05,3.9,104.2,M,47.6, , 
174130.868,5109.4034,N,00641.6870,E,1,05,3.9,104.4,M,47.6, , 
174131.868,5109.4034,N,00641.6871,E,1,05,3.9,104.6,M,47.6, , 
174132.868,5109.4035,N,00641.6872,E,1,05,3.9,104.5,M,47.6, , 
174133.868,5109.4036,N,00641.6874,E,1,05,3.9,104.5,M,47.6, , 
174134.868,5109.4037,N,00641.6876,E,1,05,3.9,104.3,M,47.6, , 
174135.868,5109.4038,N,00641.6878,E,1,05,3.9,104.2,M,47.6, , 
174136.868,5109.4039,N,00641.6880,E,1,05,3.9,103.9,M,47.6, , 
174137.868,5109.4040,N,00641.6883,E,1,05,3.9,103.6,M,47.6, , 
174138.868,5109.4042,N,00641.6886,E,1,05,3.9,103.3,M,47.6, , 
174139.868,5109.4043,N,00641.6889,E,1,05,3.9,102.9,M,47.6, , 
174140.868,5109.4045,N,00641.6892,E,1,05,3.9,102.6,M,47.6, , 
174141.868,5109.4046,N,00641.6894,E,1,05,3.9,102.3,M,47.6, , 
174142.868,5109.4047,N,00641.6897,E,1,05,3.9,102.0,M,47.6, , 
174143.868,5109.4049,N,00641.6900,E,1,05,3.9,101.7,M,47.6, , 
174144.868,5109.4051,N,00641.6904,E,1,05,3.9,101.3,M,47.6, , 
174145.868,5109.4052,N,00641.6906,E,1,05,3.9,100.9,M,47.6, , 
174146.868,5109.4053,N,00641.6908,E,1,05,3.9,100.6,M,47.6, , 
174147.867,5109.4053,N,00641.6909,E,1,05,3.9,100.3,M,47.6, , 
174148.867,5109.4054,N,00641.6910,E,1,05,3.9,100.1,M,47.6, , 
174149.867,5109.4055,N,00641.6912,E,1,05,3.9,99.8,M,47.6, , 
174150.867,5109.4056,N,00641.6913,E,1,05,3.9,99.6,M,47.6, , 
174151.867,5109.4057,N,00641.6915,E,1,05,3.9,99.4,M,47.6, , 
174152.867,5109.4057,N,00641.6917,E,1,05,3.9,99.2,M,47.6, , 
174153.867,5109.4058,N,00641.6917,E,1,05,3.9,99.1,M,47.6, , 
174154.867,5109.4058,N,00641.6918,E,1,05,3.9,99.0,M,47.6, , 
174155.867,5109.4058,N,00641.6919,E,1,05,3.9,99.0,M,47.6, , 
174156.867,5109.4059,N,00641.6919,E,1,05,3.8,98.9,M,47.6, , 
174157.867,5109.4059,N,00641.6920,E,1,05,3.8,98.8,M,47.6, , 
174158.867,5109.4060,N,00641.6921,E,1,05,3.8,98.7,M,47.6, , 
174159.867,5109.4060,N,00641.6922,E,1,05,3.8,98.5,M,47.6, , 
174200.867,5109.4060,N,00641.6922,E,1,05,3.8,98.4,M,47.6, , 
174201.867,5109.4060,N,00641.6922,E,1,05,3.8,98.4,M,47.6, , 
174202.867,5109.4060,N,00641.6921,E,1,05,3.8,98.3,M,47.6, , 
174203.866,5109.4060,N,00641.6920,E,1,05,3.8,98.1,M,47.6, , 
174204.866,5109.4060,N,00641.6920,E,1,05,3.8,98.0,M,47.6, , 
174205.866,5109.4060,N,00641.6920,E,1,05,3.8,97.9,M,47.6, , 
174206.866,5109.4060,N,00641.6919,E,1,05,3.8,97.8,M,47.6, , 
174207.866,5109.4060,N,00641.6918,E,1,05,3.8,97.8,M,47.6, , 
174208.866,5109.4060,N,00641.6917,E,1,05,3.8,97.8,M,47.6, , 
174209.866,5109.4060,N,00641.6917,E,1,05,3.8,97.8,M,47.6, , 
174210.866,5109.4060,N,00641.6917,E,1,05,3.8,97.7,M,47.6, , 
174211.866,5109.4061,N,00641.6917,E,1,05,3.8,97.5,M,47.6, , 
174212.866,5109.4061,N,00641.6917,E,1,05,3.8,97.5,M,47.6, , 
174213.866,5109.4061,N,00641.6916,E,1,05,3.8,97.4,M,47.6, , 
174214.866,5109.4061,N,00641.6916,E,1,05,3.8,97.4,M,47.6, , 
174215.866,5109.4061,N,00641.6916,E,1,05,3.8,97.4,M,47.6, , 
174216.866,5109.4062,N,00641.6916,E,1,05,3.8,97.3,M,47.6, , 
174217.866,5109.4062,N,00641.6917,E,1,05,3.8,97.2,M,47.6, , 
174218.866,5109.4062,N,00641.6917,E,1,05,3.8,97.2,M,47.6, , 
174219.866,5109.4063,N,00641.6918,E,1,05,3.8,97.0,M,47.6, , 
174220.865,5109.4064,N,00641.6920,E,1,05,3.8,96.8,M,47.6, , 
174221.865,5109.4065,N,00641.6921,E,1,05,3.8,96.6,M,47.6, , 
174222.865,5109.4066,N,00641.6923,E,1,05,3.8,96.3,M,47.6, , 
174223.865,5109.4067,N,00641.6925,E,1,05,3.8,96.1,M,47.6, , 
174224.865,5109.4068,N,00641.6926,E,1,05,3.8,95.8,M,47.6, , 
174225.865,5109.4069,N,00641.6928,E,1,05,3.8,95.5,M,47.6, , 
174226.865,5109.4070,N,00641.6929,E,1,05,3.8,95.2,M,47.6, , 
174227.865,5109.4071,N,00641.6930,E,1,05,3.8,94.9,M,47.6, , 
174228.865,5109.4072,N,00641.6932,E,1,05,3.8,94.6,M,47.6, , 
174229.865,5109.4073,N,00641.6934,E,1,05,3.8,94.3,M,47.6, , 
174230.865,5109.4074,N,00641.6935,E,1,05,3.8,94.0,M,47.6, , 
174231.865,5109.4075,N,00641.6937,E,1,05,3.8,93.6,M,47.6, , 
174232.865,5109.4076,N,00641.6938,E,1,05,3.8,93.3,M,47.6, , 
174233.865,5109.4078,N,00641.6940,E,1,05,3.8,92.9,M,47.6, , 
174234.865,5109.4078,N,00641.6941,E,1,05,3.8,92.7,M,47.6, , 
174235.865,5109.4079,N,00641.6942,E,1,05,3.8,92.5,M,47.6, , 
174236.864,5109.4079,N,00641.6943,E,1,05,3.8,92.4,M,47.6, , 
174237.864,5109.4080,N,00641.6943,E,1,05,3.8,92.4,M,47.6, , 
174238.864,5109.4079,N,00641.6942,E,1,05,3.8,92.4,M,47.6, , 
174239.864,5109.4079,N,00641.6941,E,1,05,3.8,92.6,M,47.6, , 
174240.864,5109.4078,N,00641.6940,E,1,05,3.8,92.8,M,47.6, , 
174241.864,5109.4078,N,00641.6939,E,1,05,3.8,93.0,M,47.6, , 
174242.864,5109.4078,N,00641.6939,E,1,05,3.8,93.1,M,47.6, , 
174243.864,5109.4078,N,00641.6938,E,1,05,3.8,93.2,M,47.6, , 
174244.864,5109.4078,N,00641.6938,E,1,05,3.8,93.3,M,47.6, , 
174245.864,5109.4077,N,00641.6937,E,1,05,3.8,93.3,M,47.6, , 
174246.864,5109.4077,N,00641.6936,E,1,05,3.8,93.4,M,47.6, , 
174247.864,5109.4076,N,00641.6936,E,1,05,3.8,93.4,M,47.6, , 
174248.864,5109.4076,N,00641.6935,E,1,05,3.8,93.4,M,47.6, , 
174249.864,5109.4076,N,00641.6935,E,1,05,3.8,93.4,M,47.6, , 
174250.864,5109.4076,N,00641.6935,E,1,05,3.8,93.4,M,47.6, , 
174251.864,5109.4076,N,00641.6935,E,1,05,3.8,93.4,M,47.6, , 
174252.864,5109.4076,N,00641.6935,E,1,05,3.8,93.4,M,47.6, , 
174253.863,5109.4076,N,00641.6935,E,1,05,3.8,93.4,M,47.6, , 
174254.863,5109.4076,N,00641.6935,E,1,05,3.8,93.5,M,47.6, , 
174255.863,5109.4075,N,00641.6934,E,1,05,3.8,93.7,M,47.6, , 
174256.863,5109.4074,N,00641.6933,E,1,05,3.8,94.0,M,47.6, , 
174257.863,5109.4073,N,00641.6932,E,1,05,3.8,94.3,M,47.6, , 
174258.863,5109.4072,N,00641.6929,E,1,05,3.8,94.7,M,47.6, , 
174259.863,5109.4071,N,00641.6927,E,1,05,3.8,95.0,M,47.6, , 
174300.863,5109.4070,N,00641.6925,E,1,05,3.8,95.3,M,47.6, , 
174301.863,5109.4069,N,00641.6923,E,1,05,3.8,95.6,M,47.6, , 
174302.863,5109.4068,N,00641.6921,E,1,05,3.8,95.9,M,47.6, , 
174303.863,5109.4067,N,00641.6919,E,1,05,3.8,96.2,M,47.6, , 
174304.863,5109.4066,N,00641.6918,E,1,05,3.8,96.4,M,47.6, , 
174305.863,5109.4065,N,00641.6917,E,1,05,3.8,96.5,M,47.6, , 
174306.863,5109.4065,N,00641.6917,E,1,05,3.8,96.5,M,47.6, , 
174307.863,5109.4065,N,00641.6917,E,1,05,3.8,96.4,M,47.6, , 
174308.863,5109.4066,N,00641.6917,E,1,05,3.8,96.3,M,47.6, , 
174309.862,5109.4066,N,00641.6918,E,1,05,3.8,96.2,M,47.6, , 
174310.862,5109.4067,N,00641.6919,E,1,05,3.8,96.0,M,47.6, , 
174311.862,5109.4068,N,00641.6921,E,1,05,3.8,95.8,M,47.6, , 
174312.862,5109.4069,N,00641.6923,E,1,05,3.8,95.6,M,47.6, , 
174313.862,5109.4069,N,00641.6924,E,1,05,3.8,95.4,M,47.6, , 
174314.862,5109.4070,N,00641.6924,E,1,05,3.8,95.2,M,47.6, , 
174315.862,5109.4070,N,00641.6925,E,1,05,3.8,95.1,M,47.6, , 
174316.862,5109.4071,N,00641.6925,E,1,05,3.8,95.0,M,47.6, , 
174317.862,5109.4071,N,00641.6926,E,1,05,3.8,94.9,M,47.6, , 
174318.862,5109.4071,N,00641.6925,E,1,05,3.8,94.9,M,47.6, , 
174319.862,5109.4070,N,00641.6924,E,1,05,3.8,95.1,M,47.6, , 
174320.862,5109.4069,N,00641.6923,E,1,05,3.8,95.3,M,47.6, , 
174321.862,5109.4068,N,00641.6921,E,1,05,3.8,95.6,M,47.6, , 
174322.862,5109.4068,N,00641.6920,E,1,05,3.8,95.8,M,47.6, , 
174323.862,5109.4067,N,00641.6919,E,1,05,3.8,96.1,M,47.6, , 
174324.862,5109.4066,N,00641.6918,E,1,05,3.8,96.4,M,47.6, , 
174325.861,5109.4066,N,00641.6916,E,1,05,3.8,96.7,M,47.6, , 
174326.861,5109.4065,N,00641.6916,E,1,05,3.8,97.0,M,47.6, , 
174327.861,5109.4065,N,00641.6915,E,1,05,3.8,97.3,M,47.6, , 
174328.861,5109.4064,N,00641.6915,E,1,05,3.8,97.5,M,47.6, , 
174329.861,5109.4064,N,00641.6915,E,1,05,3.8,97.6,M,47.6, , 
174330.861,5109.4065,N,00641.6916,E,1,05,3.8,97.6,M,47.6, , 
174331.861,5109.4065,N,00641.6917,E,1,05,3.8,97.6,M,47.6, , 
174332.861,5109.4066,N,00641.6918,E,1,05,3.8,97.5,M,47.6, , 
174333.861,5109.4067,N,00641.6920,E,1,05,3.8,97.3,M,47.6, , 
174334.861,5109.4067,N,00641.6922,E,1,05,3.8,97.0,M,47.6, , 
174335.861,5109.4068,N,00641.6923,E,1,05,3.8,96.8,M,47.6, , 
174336.861,5109.4069,N,00641.6925,E,1,05,3.8,96.5,M,47.6, , 
174337.861,5109.4069,N,00641.6926,E,1,05,3.8,96.3,M,47.6, , 
174338.861,5109.4070,N,00641.6927,E,1,05,3.8,95.9,M,47.6, , 
174339.861,5109.4071,N,00641.6929,E,1,05,3.8,95.6,M,47.6, , 
174340.861,5109.4072,N,00641.6931,E,1,05,3.8,95.2,M,47.6, , 
174341.861,5109.4073,N,00641.6933,E,1,05,3.8,94.8,M,47.6, , 
174342.860,5109.4074,N,00641.6935,E,1,05,3.8,94.5,M,47.6, , 
174343.860,5109.4075,N,00641.6938,E,1,05,3.8,94.2,M,47.6, , 
174344.860,5109.4076,N,00641.6940,E,1,05,3.8,93.9,M,47.6, , 
174345.860,5109.4077,N,00641.6942,E,1,05,3.8,93.7,M,47.6, , 
174346.860,5109.4078,N,00641.6944,E,1,05,3.8,93.6,M,47.6, , 
174347.860,5109.4078,N,00641.6945,E,1,05,3.8,93.4,M,47.6, , 
174348.860,5109.4078,N,00641.6945,E,1,05,3.8,93.5,M,47.6, , 
174349.860,5109.4078,N,00641.6945,E,1,05,3.8,93.4,M,47.6, , 
174350.860,5109.4078,N,00641.6945,E,1,05,3.8,93.4,M,47.6, , 
174351.860,5109.4078,N,00641.6945,E,1,05,3.8,93.4,M,47.6, , 
174352.860,5109.4078,N,00641.6946,E,1,05,3.8,93.2,M,47.6, , 
174353.860,5109.4079,N,00641.6946,E,1,05,3.8,93.0,M,47.6, , 
174354.860,5109.4079,N,00641.6947,E,1,05,3.7,92.7,M,47.6, , 
174355.860,5109.4079,N,00641.6948,E,1,05,3.7,92.4,M,47.6, , 
174356.860,5109.4080,N,00641.6949,E,1,05,3.7,92.0,M,47.6, , 
174357.860,5109.4080,N,00641.6949,E,1,05,3.7,91.7,M,47.6, , 
174358.859,5109.4080,N,00641.6949,E,1,05,3.7,91.6,M,47.6, , 
174359.859,5109.4079,N,00641.6947,E,1,05,3.7,91.5,M,47.6, , 
174400.859,5109.4078,N,00641.6946,E,1,05,3.7,91.5,M,47.6, , 
174401.859,5109.4077,N,00641.6944,E,1,05,3.7,91.6,M,47.6, , 
174402.859,5109.4076,N,00641.6941,E,1,05,3.7,91.9,M,47.6, , 
174403.859,5109.4075,N,00641.6939,E,1,05,3.7,92.2,M,47.6, , 
174404.859,5109.4074,N,00641.6937,E,1,05,3.7,92.6,M,47.6, , 
174405.859,5109.4072,N,00641.6935,E,1,05,3.7,93.0,M,47.6, , 
174406.859,5109.4071,N,00641.6934,E,1,05,3.7,93.4,M,47.6, , 
174407.859,5109.4070,N,00641.6932,E,1,05,3.7,93.7,M,47.6, , 
174408.859,5109.4069,N,00641.6930,E,1,05,3.7,94.0,M,47.6, , 
174409.859,5109.4068,N,00641.6929,E,1,05,3.7,94.3,M,47.6, , 
174410.859,5109.4067,N,00641.6927,E,1,05,3.7,94.4,M,47.6, , 
174411.859,5109.4066,N,00641.6926,E,1,05,3.7,94.5,M,47.6, , 
174412.859,5109.4065,N,00641.6924,E,1,05,3.7,94.6,M,47.6, , 
174413.859,5109.4065,N,00641.6923,E,1,05,3.7,94.6,M,47.6, , 
174414.859,5109.4064,N,00641.6922,E,1,05,3.7,94.6,M,47.6, , 
174415.858,5109.4063,N,00641.6921,E,1,05,3.7,94.6,M,47.6, , 
174416.858,5109.4063,N,00641.6920,E,1,05,3.7,94.7,M,47.6, , 
174417.858,5109.4062,N,00641.6919,E,1,05,3.7,94.7,M,47.6, , 
174418.858,5109.4062,N,00641.6918,E,1,05,3.7,94.9,M,47.6, , 
174419.858,5109.4062,N,00641.6918,E,1,05,3.7,94.9,M,47.6, , 
174420.858,5109.4062,N,00641.6918,E,1,05,3.7,95.1,M,47.6, , 
174421.858,5109.4062,N,00641.6918,E,1,05,3.7,95.2,M,47.6, , 
174422.858,5109.4062,N,00641.6919,E,1,05,3.7,95.2,M,47.6, , 
174423.858,5109.4062,N,00641.6919,E,1,05,3.7,95.3,M,47.6, , 
174424.858,5109.4061,N,00641.6919,E,1,05,3.7,95.4,M,47.6, , 
174425.858,5109.4061,N,00641.6918,E,1,05,3.7,95.5,M,47.6, , 
174426.858,5109.4061,N,00641.6917,E,1,05,3.7,95.7,M,47.6, , 
174427.858,5109.4060,N,00641.6917,E,1,05,3.7,95.8,M,47.6, , 
174428.858,5109.4060,N,00641.6917,E,1,05,3.7,95.8,M,47.6, , 
174429.858,5109.4060,N,00641.6917,E,1,05,3.7,95.8,M,47.6, , 
174430.858,5109.4060,N,00641.6918,E,1,05,3.7,95.7,M,47.6, , 
174431.857,5109.4061,N,00641.6919,E,1,05,3.7,95.6,M,47.6, , 
174432.857,5109.4061,N,00641.6920,E,1,05,3.7,95.5,M,47.6, , 
174433.857,5109.4062,N,00641.6921,E,1,05,3.7,95.4,M,47.6, , 
174434.857,5109.4062,N,00641.6923,E,1,05,3.7,95.3,M,47.6, , 
174435.857,5109.4063,N,00641.6926,E,1,05,3.7,95.3,M,47.6, , 
174436.857,5109.4064,N,00641.6929,E,1,05,3.7,95.2,M,47.6, , 
174437.857,5109.4065,N,00641.6931,E,1,05,3.7,95.1,M,47.6, , 
174438.857,5109.4066,N,00641.6933,E,1,05,3.7,94.9,M,47.6, , 
174439.857,5109.4067,N,00641.6935,E,1,05,3.7,94.7,M,47.6, , 
174440.857,5109.4068,N,00641.6937,E,1,05,3.7,94.4,M,47.6, , 
174441.857,5109.4069,N,00641.6939,E,1,05,3.7,94.0,M,47.6, , 
174442.857,5109.4070,N,00641.6941,E,1,05,3.7,93.7,M,47.6, , 
174443.857,5109.4071,N,00641.6943,E,1,05,3.7,93.3,M,47.6, , 
174444.857,5109.4071,N,00641.6944,E,1,05,3.7,93.0,M,47.6, , 
174445.857,5109.4072,N,00641.6945,E,1,05,3.7,92.8,M,47.6, , 
174446.857,5109.4072,N,00641.6946,E,1,05,3.7,92.6,M,47.6, , 
174447.857,5109.4072,N,00641.6946,E,1,05,3.7,92.4,M,47.6, , 
174448.856,5109.4071,N,00641.6945,E,1,05,3.7,92.3,M,47.6, , 
174449.856,5109.4071,N,00641.6945,E,1,05,3.7,92.2,M,47.6, , 
174450.856,5109.4071,N,00641.6945,E,1,05,3.7,92.0,M,47.6, , 
174451.856,5109.4071,N,00641.6945,E,1,05,3.7,92.0,M,47.6, , 
174452.856,5109.4071,N,00641.6944,E,1,05,3.7,91.9,M,47.6, , 
174453.856,5109.4070,N,00641.6944,E,1,05,3.7,91.9,M,47.6, , 
174454.856,5109.4070,N,00641.6943,E,1,05,3.7,92.0,M,47.6, , 
174455.856,5109.4069,N,00641.6942,E,1,05,3.7,92.1,M,47.6, , 
174456.856,5109.4069,N,00641.6940,E,1,05,3.7,92.3,M,47.6, , 
174457.856,5109.4069,N,00641.6940,E,1,05,3.7,92.4,M,47.6, , 
174458.856,5109.4068,N,00641.6939,E,1,05,3.7,92.6,M,47.6, , 
174459.856,5109.4067,N,00641.6938,E,1,05,3.7,92.8,M,47.6, , 
174500.856,5109.4066,N,00641.6936,E,1,05,3.7,93.0,M,47.6, , 
174501.856,5109.4066,N,00641.6935,E,1,05,3.7,93.1,M,47.6, , 
174502.856,5109.4066,N,00641.6935,E,1,05,3.7,93.1,M,47.6, , 
174503.856,5109.4066,N,00641.6936,E,1,05,3.7,93.0,M,47.6, , 
174504.855,5109.4067,N,00641.6938,E,1,05,3.7,92.7,M,47.6, , 
174505.855,5109.4068,N,00641.6940,E,1,05,3.7,92.3,M,47.6, , 
174506.855,5109.4069,N,00641.6942,E,1,05,3.7,92.0,M,47.6, , 
174507.855,5109.4070,N,00641.6944,E,1,05,3.7,91.7,M,47.6, , 
174508.855,5109.4071,N,00641.6946,E,1,05,3.7,91.4,M,47.6, , 
174509.855,5109.4071,N,00641.6948,E,1,05,3.7,91.1,M,47.6, , 
174510.855,5109.4072,N,00641.6949,E,1,05,3.7,90.9,M,47.6, , 
174511.855,5109.4072,N,00641.6949,E,1,05,3.7,90.8,M,47.6, , 
174512.855,5109.4071,N,00641.6948,E,1,05,3.7,90.7,M,47.6, , 
174513.855,5109.4070,N,00641.6946,E,1,05,3.7,90.9,M,47.6, , 
174514.855,5109.4069,N,00641.6943,E,1,05,3.7,91.1,M,47.6, , 
174515.855,5109.4067,N,00641.6940,E,1,05,3.7,91.5,M,47.6, , 
174516.855,5109.4065,N,00641.6936,E,1,05,3.7,92.0,M,47.6, , 
174517.855,5109.4063,N,00641.6931,E,1,05,3.7,92.6,M,47.6, , 
174518.855,5109.4061,N,00641.6927,E,1,05,3.7,93.3,M,47.6, , 
174519.855,5109.4059,N,00641.6924,E,1,04,9.9,93.9,M,47.6, , 
174520.855,5109.4056,N,00641.6917,E,1,05,3.7,95.0,M,47.6, , 
174521.854,5109.4054,N,00641.6912,E,1,05,3.7,95.7,M,47.6, , 
174522.854,5109.4052,N,00641.6909,E,1,05,3.7,96.2,M,47.6, , 
174523.854,5109.4050,N,00641.6906,E,1,05,3.7,96.6,M,47.6, , 
174524.854,5109.4049,N,00641.6905,E,1,05,3.7,97.0,M,47.6, , 
174525.854,5109.4049,N,00641.6904,E,1,05,3.7,97.2,M,47.6, , 
174526.854,5109.4048,N,00641.6903,E,1,05,3.7,97.3,M,47.6, , 
174527.854,5109.4047,N,00641.6902,E,1,05,3.7,97.4,M,47.6, , 
174528.854,5109.4047,N,00641.6900,E,1,05,3.7,97.4,M,47.6, , 
174529.854,5109.4046,N,00641.6899,E,1,05,3.7,97.3,M,47.6, , 
174530.854,5109.4045,N,00641.6898,E,1,05,3.7,97.3,M,47.6, , 
174531.854,5109.4045,N,00641.6897,E,1,05,3.7,97.2,M,47.6, , 
174532.854,5109.4044,N,00641.6895,E,1,05,3.7,97.3,M,47.6, , 
174533.854,5109.4043,N,00641.6893,E,1,05,3.7,97.4,M,47.6, , 
174534.854,5109.4042,N,00641.6891,E,1,05,3.7,97.6,M,47.6, , 
174535.854,5109.4040,N,00641.6888,E,1,05,3.7,97.9,M,47.6, , 
174536.854,5109.4039,N,00641.6885,E,1,05,3.7,98.3,M,47.6, , 
174537.853,5109.4037,N,00641.6882,E,1,05,3.7,98.7,M,47.6, , 
174538.853,5109.4036,N,00641.6879,E,1,05,3.7,99.0,M,47.6, , 
174539.853,5109.4035,N,00641.6877,E,1,05,3.7,99.4,M,47.6, , 
174540.853,5109.4034,N,00641.6875,E,1,05,3.7,99.6,M,47.6, , 
174541.853,5109.4033,N,00641.6874,E,1,05,3.7,99.9,M,47.6, , 
174542.853,5109.4032,N,00641.6873,E,1,05,3.7,100.1,M,47.6, , 
174543.853,5109.4032,N,00641.6872,E,1,05,3.7,100.3,M,47.6, , 
174544.853,5109.4031,N,00641.6872,E,1,05,3.7,100.4,M,47.6, , 
174545.853,5109.4031,N,00641.6871,E,1,05,3.7,100.6,M,47.6, , 
174546.853,5109.4031,N,00641.6872,E,1,05,3.7,100.6,M,47.6, , 
174547.853,5109.4032,N,00641.6874,E,1,05,3.7,100.6,M,47.6, , 
174548.853,5109.4033,N,00641.6877,E,1,05,3.7,100.5,M,47.6, , 
174549.853,5109.4035,N,00641.6880,E,1,05,3.7,100.2,M,47.6, , 
174550.853,5109.4036,N,00641.6882,E,1,05,3.6,100.0,M,47.6, , 
174551.853,5109.4037,N,00641.6884,E,1,05,3.6,99.8,M,47.6, , 
174552.853,5109.4037,N,00641.6886,E,1,05,3.6,99.7,M,47.6, , 
174553.853,5109.4038,N,00641.6887,E,1,05,3.6,99.6,M,47.6, , 
174554.852,5109.4039,N,00641.6889,E,1,05,3.6,99.5,M,47.6, , 
174555.852,5109.4039,N,00641.6891,E,1,05,3.6,99.5,M,47.6, , 
174556.852,5109.4040,N,00641.6892,E,1,05,3.6,99.7,M,47.6, , 
174557.852,5109.4040,N,00641.6894,E,1,05,3.6,99.8,M,47.6, , 
174558.852,5109.4042,N,00641.6897,E,1,05,3.6,99.8,M,47.6, , 
174559.852,5109.4043,N,00641.6901,E,1,05,3.6,99.5,M,47.6, , 
174600.852,5109.4046,N,00641.6906,E,1,05,3.6,99.1,M,47.6, , 
174601.852,5109.4048,N,00641.6911,E,1,05,3.6,98.5,M,47.6, , 
174602.852,5109.4051,N,00641.6917,E,1,05,3.6,97.9,M,47.6, , 
174603.852,5109.4054,N,00641.6923,E,1,05,3.6,97.2,M,47.6, , 
174604.852,5109.4057,N,00641.6929,E,1,05,3.6,96.4,M,47.6, , 
174605.852,5109.4059,N,00641.6934,E,1,05,3.6,95.6,M,47.6, , 
174606.852,5109.4062,N,00641.6939,E,1,05,3.6,94.8,M,47.6, , 
174607.852,5109.4064,N,00641.6944,E,1,05,3.6,94.0,M,47.6, , 
174608.852,5109.4067,N,00641.6950,E,1,05,3.6,93.1,M,47.6, , 
174609.852,5109.4070,N,00641.6956,E,1,05,3.6,92.1,M,47.6, , 
174610.851,5109.4073,N,00641.6962,E,1,05,3.6,91.0,M,47.6, , 
174611.851,5109.4076,N,00641.6968,E,1,05,3.6,90.1,M,47.6, , 
174612.851,5109.4077,N,00641.6973,E,1,05,3.6,89.4,M,47.6, , 
174613.851,5109.4078,N,00641.6976,E,1,05,3.6,88.9,M,47.6, , 
174614.851,5109.4079,N,00641.6978,E,1,05,3.6,88.4,M,47.6, , 
174615.851,5109.4080,N,00641.6979,E,1,05,3.6,88.1,M,47.6, , 
174616.851,5109.4081,N,00641.6980,E,1,05,3.6,87.8,M,47.6, , 
174617.851,5109.4080,N,00641.6980,E,1,05,3.6,87.7,M,47.6, , 
174618.851,5109.4080,N,00641.6980,E,1,05,3.6,87.7,M,47.6, , 
174619.851,5109.4080,N,00641.6979,E,1,05,3.6,87.6,M,47.6, , 
174620.851,5109.4079,N,00641.6979,E,1,05,3.6,87.4,M,47.6, , 
174621.851,5109.4079,N,00641.6978,E,1,05,3.6,87.3,M,47.6, , 
174622.851,5109.4079,N,00641.6978,E,1,05,3.6,87.2,M,47.6, , 
174623.851,5109.4079,N,00641.6977,E,1,05,3.6,87.2,M,47.6, , 
174624.851,5109.4078,N,00641.6976,E,1,05,3.6,87.3,M,47.6, , 
174625.851,5109.4078,N,00641.6974,E,1,05,3.6,87.4,M,47.6, , 
174626.851,5109.4077,N,00641.6974,E,1,05,3.6,87.4,M,47.6, , 
174627.850,5109.4077,N,00641.6972,E,1,05,3.6,87.5,M,47.6, , 
174628.850,5109.4076,N,00641.6971,E,1,05,3.6,87.5,M,47.6, , 
174629.850,5109.4076,N,00641.6970,E,1,05,3.6,87.4,M,47.6, , 
174630.850,5109.4076,N,00641.6970,E,1,05,3.6,87.3,M,47.6, , 
174631.850,5109.4075,N,00641.6969,E,1,05,3.6,87.2,M,47.6, , 
174632.850,5109.4075,N,00641.6968,E,1,05,3.6,87.0,M,47.6, , 
174633.850,5109.4075,N,00641.6968,E,1,05,3.6,86.7,M,47.6, , 
174634.850,5109.4075,N,00641.6969,E,1,05,3.6,86.4,M,47.6, , 
174635.850,5109.4076,N,00641.6970,E,1,05,3.6,86.1,M,47.6, , 
174636.850,5109.4077,N,00641.6971,E,1,05,3.6,85.7,M,47.6, , 
174637.850,5109.4077,N,00641.6972,E,1,05,3.6,85.3,M,47.6, , 
174638.850,5109.4078,N,00641.6973,E,1,05,3.6,85.0,M,47.6, , 
174639.850,5109.4078,N,00641.6973,E,1,05,3.6,84.8,M,47.6, , 
174640.850,5109.4079,N,00641.6973,E,1,05,3.6,84.6,M,47.6, , 
174641.850,5109.4079,N,00641.6973,E,1,05,3.6,84.5,M,47.6, , 
174642.850,5109.4079,N,00641.6973,E,1,05,3.6,84.5,M,47.6, , 
174643.849,5109.4079,N,00641.6971,E,1,05,3.6,84.6,M,47.6, , 
174644.849,5109.4078,N,00641.6970,E,1,05,3.6,84.8,M,47.6, , 
174645.849,5109.4078,N,00641.6969,E,1,05,3.6,84.9,M,47.6, , 
174646.849,5109.4078,N,00641.6969,E,1,05,3.6,84.9,M,47.6, , 
174647.849,5109.4078,N,00641.6968,E,1,05,3.6,85.0,M,47.6, , 
174648.849,5109.4077,N,00641.6967,E,1,05,3.6,85.1,M,47.6, , 
174649.849,5109.4077,N,00641.6965,E,1,05,3.6,85.3,M,47.6, , 
174650.849,5109.4076,N,00641.6963,E,1,05,3.6,85.5,M,47.6, , 
174651.849,5109.4076,N,00641.6962,E,1,05,3.6,85.7,M,47.6, , 
174652.849,5109.4075,N,00641.6960,E,1,05,3.6,85.9,M,47.6, , 
174653.849,5109.4075,N,00641.6958,E,1,05,3.6,86.2,M,47.6, , 
174654.849,5109.4074,N,00641.6956,E,1,05,3.6,86.5,M,47.6, , 
174655.849,5109.4073,N,00641.6954,E,1,05,3.6,86.7,M,47.6, , 
174656.849,5109.4073,N,00641.6952,E,1,05,3.6,87.0,M,47.6, , 
174657.849,5109.4072,N,00641.6950,E,1,05,3.6,87.1,M,47.6, , 
174658.849,5109.4072,N,00641.6948,E,1,05,3.6,87.2,M,47.6, , 
174659.849,5109.4072,N,00641.6947,E,1,05,3.6,87.2,M,47.6, , 
174700.848,5109.4071,N,00641.6946,E,1,05,3.6,87.2,M,47.6, , 
174701.848,5109.4071,N,00641.6945,E,1,05,3.6,87.1,M,47.6, , 
174702.848,5109.4072,N,00641.6945,E,1,05,3.6,87.0,M,47.6, , 
174703.848,5109.4072,N,00641.6946,E,1,05,3.6,86.9,M,47.6, , 
174704.848,5109.4073,N,00641.6946,E,1,05,3.6,86.9,M,47.6, , 
174705.848,5109.4074,N,00641.6947,E,1,05,3.6,86.8,M,47.6, , 
174706.848,5109.4074,N,00641.6947,E,1,05,3.6,86.8,M,47.6, , 
174707.848,5109.4074,N,00641.6946,E,1,05,3.6,86.9,M,47.6, , 
174708.848,5109.4074,N,00641.6946,E,1,05,3.6,86.9,M,47.6, , 
174709.848,5109.4074,N,00641.6946,E,1,05,3.6,87.0,M,47.6, , 
174710.848,5109.4074,N,00641.6946,E,1,05,3.6,87.1,M,47.6, , 
174711.848,5109.4074,N,00641.6946,E,1,05,3.6,87.3,M,47.6, , 
174712.848,5109.4073,N,00641.6945,E,1,05,3.6,87.5,M,47.6, , 
174713.848,5109.4072,N,00641.6944,E,1,05,3.6,87.8,M,47.6, , 
174714.848,5109.4072,N,00641.6942,E,1,05,3.6,88.0,M,47.6, , 
174715.848,5109.4071,N,00641.6941,E,1,05,3.6,88.2,M,47.6, , 
174716.847,5109.4070,N,00641.6939,E,1,05,3.6,88.4,M,47.6, , 
174717.847,5109.4069,N,00641.6938,E,1,05,3.6,88.5,M,47.6, , 
174718.847,5109.4069,N,00641.6937,E,1,05,3.6,88.5,M,47.6, , 
174719.847,5109.4069,N,00641.6936,E,1,05,3.6,88.6,M,47.6, , 
174720.847,5109.4069,N,00641.6936,E,1,05,3.6,88.5,M,47.6, , 
174721.847,5109.4069,N,00641.6936,E,1,04,9.0,88.6,M,47.6, , 
174722.847,5109.4069,N,00641.6936,E,1,04,9.0,88.6,M,47.6, , 
174723.847,5109.4070,N,00641.6937,E,1,05,3.6,88.7,M,47.6, , 
174724.847,5109.4070,N,00641.6937,E,1,05,3.6,88.7,M,47.6, , 
174725.847,5109.4071,N,00641.6938,E,1,05,3.6,88.7,M,47.6, , 
174726.847,5109.4071,N,00641.6938,E,1,05,3.6,88.7,M,47.6, , 
174727.847,5109.4070,N,00641.6938,E,1,05,3.6,88.9,M,47.6, , 
174728.847,5109.4070,N,00641.6936,E,1,05,3.6,89.1,M,47.6, , 
174729.847,5109.4068,N,00641.6934,E,1,05,3.6,89.4,M,47.6, , 
174730.847,5109.4066,N,00641.6931,E,1,05,3.6,89.9,M,47.6, , 
174731.847,5109.4064,N,00641.6928,E,1,05,3.6,90.4,M,47.6, , 
174732.847,5109.4062,N,00641.6924,E,1,05,3.6,91.0,M,47.6, , 
174733.846,5109.4060,N,00641.6921,E,1,05,3.6,91.6,M,47.6, , 
174734.846,5109.4058,N,00641.6917,E,1,04,8.9,92.2,M,47.6, , 
174735.846,5109.4055,N,00641.6911,E,1,05,3.6,93.0,M,47.6, , 
174736.846,5109.4052,N,00641.6907,E,1,05,3.6,93.6,M,47.6, , 
174737.846,5109.4051,N,00641.6904,E,1,05,3.6,94.0,M,47.6, , 
174738.846,5109.4049,N,00641.6902,E,1,05,3.6,94.3,M,47.6, , 
174739.846,5109.4048,N,00641.6900,E,1,05,3.6,94.5,M,47.6, , 
174740.846,5109.4047,N,00641.6898,E,1,05,3.6,94.8,M,47.6, , 
174741.846,5109.4047,N,00641.6898,E,1,05,3.6,94.8,M,47.6, , 
174742.846,5109.4046,N,00641.6897,E,1,05,3.6,94.9,M,47.6, , 
174743.846,5109.4046,N,00641.6897,E,1,05,3.6,95.0,M,47.6, , 
174744.846,5109.4046,N,00641.6898,E,1,05,3.6,95.0,M,47.6, , 
174745.846,5109.4046,N,00641.6898,E,1,05,3.5,94.9,M,47.6, , 
174746.846,5109.4047,N,00641.6899,E,1,05,3.5,94.9,M,47.6, , 
174747.846,5109.4047,N,00641.6900,E,1,05,3.5,94.7,M,47.6, , 
174748.846,5109.4047,N,00641.6901,E,1,05,3.5,94.6,M,47.6, , 
174749.845,5109.4048,N,00641.6903,E,1,05,3.5,94.3,M,47.6, , 
174750.845,5109.4049,N,00641.6904,E,1,05,3.5,94.0,M,47.6, , 
174751.845,5109.4050,N,00641.6906,E,1,05,3.5,93.7,M,47.6, , 
174752.845,5109.4051,N,00641.6908,E,1,05,3.5,93.5,M,47.6, , 
174753.845,5109.4053,N,00641.6910,E,1,05,3.5,93.3,M,47.6, , 
174754.845,5109.4054,N,00641.6912,E,1,05,3.5,93.1,M,47.6, , 
174755.845,5109.4055,N,00641.6914,E,1,05,3.5,92.9,M,47.6, , 
174756.845,5109.4057,N,00641.6917,E,1,05,3.5,92.6,M,47.6, , 
174757.845,5109.4058,N,00641.6918,E,1,05,3.5,92.4,M,47.6, , 
174758.845,5109.4059,N,00641.6921,E,1,05,3.5,92.1,M,47.6, , 
174759.845,5109.4061,N,00641.6924,E,1,05,3.5,91.6,M,47.6, , 
174800.845,5109.4063,N,00641.6928,E,1,05,3.5,91.1,M,47.6, , 
174801.845,5109.4065,N,00641.6932,E,1,05,3.5,90.5,M,47.6, , 
174802.845,5109.4067,N,00641.6935,E,1,05,3.5,89.9,M,47.6, , 
174803.845,5109.4069,N,00641.6939,E,1,05,3.5,89.4,M,47.6, , 
174804.845,5109.4071,N,00641.6942,E,1,05,3.5,88.9,M,47.6, , 
174805.845,5109.4072,N,00641.6944,E,1,05,3.5,88.5,M,47.6, , 
174806.844,5109.4073,N,00641.6946,E,1,05,3.5,88.2,M,47.6, , 
174807.844,5109.4074,N,00641.6948,E,1,05,3.5,87.8,M,47.6, , 
174808.844,5109.4075,N,00641.6949,E,1,05,3.5,87.4,M,47.6, , 
174809.844,5109.4076,N,00641.6951,E,1,05,3.5,86.9,M,47.6, , 
174810.844,5109.4077,N,00641.6953,E,1,05,3.5,86.4,M,47.6, , 
174811.844,5109.4078,N,00641.6954,E,1,05,3.5,85.9,M,47.6, , 
174812.844,5109.4080,N,00641.6956,E,1,05,3.5,85.3,M,47.6, , 
174813.844,5109.4081,N,00641.6959,E,1,05,3.5,84.8,M,47.6, , 
174814.844,5109.4083,N,00641.6961,E,1,05,3.5,84.3,M,47.6, , 
174815.844,5109.4085,N,00641.6964,E,1,05,3.5,83.8,M,47.6, , 
174816.844,5109.4086,N,00641.6966,E,1,05,3.5,83.3,M,47.6, , 
174817.844,5109.4087,N,00641.6968,E,1,05,3.5,82.9,M,47.6, , 
174818.844,5109.4088,N,00641.6970,E,1,05,3.5,82.7,M,47.6, , 
174819.844,5109.4088,N,00641.6970,E,1,05,3.5,82.6,M,47.6, , 
174820.844,5109.4088,N,00641.6970,E,1,05,3.5,82.6,M,47.6, , 
174821.844,5109.4087,N,00641.6969,E,1,05,3.5,82.6,M,47.6, , 
174822.843,5109.4087,N,00641.6968,E,1,05,3.5,82.6,M,47.6, , 
174823.843,5109.4086,N,00641.6967,E,1,05,3.5,82.6,M,47.6, , 
174824.843,5109.4086,N,00641.6967,E,1,05,3.5,82.5,M,47.6, , 
174825.843,5109.4085,N,00641.6965,E,1,05,3.5,82.5,M,47.6, , 
174826.843,5109.4084,N,00641.6964,E,1,05,3.5,82.5,M,47.6, , 
174827.843,5109.4084,N,00641.6962,E,1,05,3.5,82.5,M,47.6, , 
174828.843,5109.4083,N,00641.6961,E,1,05,3.5,82.5,M,47.6, , 
174829.843,5109.4083,N,00641.6961,E,1,05,3.5,82.5,M,47.6, , 
174830.843,5109.4083,N,00641.6961,E,1,05,3.5,82.5,M,47.6, , 
174831.843,5109.4084,N,00641.6962,E,1,05,3.5,82.5,M,47.6, , 
174832.843,5109.4084,N,00641.6963,E,1,05,3.5,82.4,M,47.6, , 
174833.843,5109.4084,N,00641.6963,E,1,05,3.5,82.5,M,47.6, , 
174834.843,5109.4085,N,00641.6964,E,1,05,3.5,82.5,M,47.6, , 
174835.843,5109.4085,N,00641.6963,E,1,05,3.5,82.5,M,47.6, , 
174836.843,5109.4084,N,00641.6963,E,1,05,3.5,82.5,M,47.6, , 
174837.843,5109.4084,N,00641.6962,E,1,05,3.5,82.5,M,47.6, , 
174838.842,5109.4084,N,00641.6961,E,1,05,3.5,82.7,M,47.6, , 
174839.842,5109.4083,N,00641.6960,E,1,05,3.5,82.9,M,47.6, , 
174840.842,5109.4083,N,00641.6958,E,1,05,3.5,83.1,M,47.6, , 
174841.842,5109.4082,N,00641.6957,E,1,05,3.5,83.4,M,47.6, , 
174842.842,5109.4081,N,00641.6955,E,1,05,3.5,83.7,M,47.6, , 
174843.842,5109.4080,N,00641.6953,E,1,05,3.5,83.9,M,47.6, , 
174844.842,5109.4080,N,00641.6951,E,1,05,3.5,84.2,M,47.6, , 
174845.842,5109.4079,N,00641.6949,E,1,05,3.5,84.5,M,47.6, , 
174846.842,5109.4078,N,00641.6947,E,1,05,3.5,84.7,M,47.6, , 
174847.842,5109.4077,N,00641.6945,E,1,05,3.5,85.0,M,47.6, , 
174848.842,5109.4077,N,00641.6943,E,1,05,3.5,85.2,M,47.6, , 
174849.842,5109.4076,N,00641.6942,E,1,05,3.5,85.4,M,47.6, , 
174850.842,5109.4075,N,00641.6940,E,1,05,3.5,85.6,M,47.6, , 
174851.842,5109.4075,N,00641.6939,E,1,05,3.5,85.7,M,47.6, , 
174852.842,5109.4074,N,00641.6938,E,1,05,3.5,85.8,M,47.6, , 
174853.842,5109.4074,N,00641.6937,E,1,05,3.5,85.9,M,47.6, , 
174854.842,5109.4074,N,00641.6936,E,1,05,3.5,85.9,M,47.6, , 
174855.841,5109.4073,N,00641.6934,E,1,05,3.5,85.9,M,47.6, , 
174856.841,5109.4073,N,00641.6933,E,1,05,3.5,85.9,M,47.6, , 
174857.841,5109.4072,N,00641.6932,E,1,05,3.5,86.1,M,47.6, , 
174858.841,5109.4072,N,00641.6931,E,1,05,3.5,86.2,M,47.6, , 
174859.841,5109.4072,N,00641.6930,E,1,05,3.5,86.4,M,47.6, , 
174900.841,5109.4072,N,00641.6928,E,1,05,3.5,86.6,M,47.6, , 
174901.841,5109.4071,N,00641.6927,E,1,05,3.5,86.8,M,47.6, , 
174902.841,5109.4071,N,00641.6926,E,1,05,3.5,87.0,M,47.6, , 
174903.841,5109.4071,N,00641.6925,E,1,05,3.5,87.2,M,47.6, , 
174904.841,5109.4070,N,00641.6924,E,1,05,3.5,87.4,M,47.6, , 
174905.841,5109.4070,N,00641.6924,E,1,05,3.5,87.5,M,47.6, , 
174906.841,5109.4070,N,00641.6923,E,1,05,3.5,87.7,M,47.6, , 
174907.841,5109.4069,N,00641.6922,E,1,05,3.5,87.9,M,47.6, , 
174908.841,5109.4068,N,00641.6921,E,1,05,3.5,88.2,M,47.6, , 
174909.841,5109.4067,N,00641.6920,E,1,05,3.5,88.5,M,47.6, , 
174910.841,5109.4067,N,00641.6919,E,1,05,3.5,88.8,M,47.6, , 
174911.840,5109.4066,N,00641.6919,E,1,05,3.5,89.0,M,47.6, , 
174912.840,5109.4065,N,00641.6917,E,1,05,3.5,89.3,M,47.6, , 
174913.840,5109.4065,N,00641.6916,E,1,05,3.5,89.6,M,47.6, , 
174914.840,5109.4064,N,00641.6915,E,1,05,3.5,89.8,M,47.6, , 
174915.840,5109.4064,N,00641.6915,E,1,05,3.5,89.9,M,47.6, , 
174916.840,5109.4064,N,00641.6915,E,1,05,3.5,89.9,M,47.6, , 
174917.840,5109.4065,N,00641.6915,E,1,05,3.5,90.0,M,47.6, , 
174918.840,5109.4065,N,00641.6916,E,1,05,3.5,90.0,M,47.6, , 
174919.840,5109.4065,N,00641.6916,E,1,05,3.5,90.1,M,47.6, , 
174920.840,5109.4065,N,00641.6917,E,1,05,3.5,90.2,M,47.6, , 
174921.840,5109.4066,N,00641.6918,E,1,05,3.5,90.2,M,47.6, , 
174922.840,5109.4066,N,00641.6919,E,1,05,3.5,90.2,M,47.6, , 
174923.840,5109.4067,N,00641.6920,E,1,05,3.5,90.1,M,47.6, , 
174924.840,5109.4068,N,00641.6921,E,1,05,3.5,90.0,M,47.6, , 
174925.840,5109.4068,N,00641.6922,E,1,05,3.5,89.9,M,47.6, , 
174926.840,5109.4069,N,00641.6924,E,1,05,3.5,89.8,M,47.6, , 
174927.840,5109.4070,N,00641.6925,E,1,05,3.5,89.7,M,47.6, , 
174928.839,5109.4070,N,00641.6926,E,1,05,3.5,89.7,M,47.6, , 
174929.839,5109.4070,N,00641.6927,E,1,05,3.5,89.8,M,47.6, , 
174930.839,5109.4071,N,00641.6928,E,1,05,3.5,89.9,M,47.6, , 
174931.839,5109.4071,N,00641.6928,E,1,05,3.5,90.2,M,47.6, , 
174932.839,5109.4070,N,00641.6928,E,1,05,3.5,90.4,M,47.6, , 
174933.839,5109.4070,N,00641.6928,E,1,05,3.5,90.7,M,47.6, , 
174934.839,5109.4070,N,00641.6927,E,1,05,3.5,91.0,M,47.6, , 
174935.839,5109.4069,N,00641.6926,E,1,05,3.5,91.3,M,47.6, , 
174936.839,5109.4068,N,00641.6925,E,1,05,3.5,91.6,M,47.6, , 
174937.839,5109.4068,N,00641.6923,E,1,05,3.5,91.7,M,47.6, , 
174938.839,5109.4068,N,00641.6922,E,1,05,3.5,91.9,M,47.6, , 
174939.839,5109.4068,N,00641.6921,E,1,05,3.5,92.0,M,47.6, , 
174940.839,5109.4068,N,00641.6921,E,1,05,3.5,92.0,M,47.6, , 
174941.839,5109.4069,N,00641.6921,E,1,05,3.5,91.9,M,47.6, , 
174942.839,5109.4069,N,00641.6922,E,1,05,3.4,91.8,M,47.6, , 
174943.839,5109.4070,N,00641.6922,E,1,05,3.4,91.6,M,47.6, , 
174944.838,5109.4070,N,00641.6922,E,1,05,3.4,91.5,M,47.6, , 
174945.838,5109.4071,N,00641.6922,E,1,05,3.4,91.4,M,47.6, , 
174946.838,5109.4071,N,00641.6921,E,1,05,3.4,91.3,M,47.6, , 
174947.838,5109.4072,N,00641.6921,E,1,05,3.4,91.2,M,47.6, , 
174948.838,5109.4072,N,00641.6921,E,1,05,3.4,91.3,M,47.6, , 
174949.838,5109.4072,N,00641.6919,E,1,05,3.4,91.4,M,47.6, , 
174950.838,5109.4072,N,00641.6918,E,1,05,3.4,91.4,M,47.6, , 
174951.838,5109.4071,N,00641.6917,E,1,05,3.4,91.4,M,47.6, , 
174952.838,5109.4071,N,00641.6916,E,1,05,3.4,91.5,M,47.6, , 
174953.838,5109.4071,N,00641.6915,E,1,05,3.4,91.6,M,47.6, , 
174954.838,5109.4071,N,00641.6913,E,1,05,3.4,91.8,M,47.6, , 
174955.838,5109.4070,N,00641.6912,E,1,05,3.4,92.0,M,47.6, , 
174956.838,5109.4070,N,00641.6911,E,1,05,3.4,92.2,M,47.6, , 
174957.838,5109.4070,N,00641.6910,E,1,05,3.4,92.4,M,47.6, , 
174958.838,5109.4070,N,00641.6910,E,1,05,3.4,92.6,M,47.6, , 
174959.838,5109.4070,N,00641.6909,E,1,05,3.4,92.8,M,47.6, , 
175000.838,5109.4070,N,00641.6909,E,1,05,3.4,92.9,M,47.6, , 
175001.837,5109.4070,N,00641.6909,E,1,05,3.4,93.1,M,47.6, , 
175002.837,5109.4070,N,00641.6908,E,1,05,3.4,93.2,M,47.6, , 
175003.837,5109.4070,N,00641.6907,E,1,05,3.4,93.3,M,47.6, , 
175004.837,5109.4070,N,00641.6906,E,1,05,3.4,93.2,M,47.6, , 
175005.837,5109.4069,N,00641.6905,E,1,05,3.4,93.3,M,47.6, , 
175006.837,5109.4069,N,00641.6905,E,1,06,2.5,93.4,M,47.6, , 
175007.837,5109.4069,N,00641.6904,E,1,06,2.5,93.5,M,47.6, , 
175008.837,5109.4069,N,00641.6903,E,1,06,2.5,93.6,M,47.6, , 
175009.837,5109.4069,N,00641.6902,E,1,06,2.5,93.8,M,47.6, , 
175010.837,5109.4068,N,00641.6900,E,1,06,2.5,94.0,M,47.6, , 
175011.837,5109.4068,N,00641.6899,E,1,06,2.5,94.2,M,47.6, , 
175012.837,5109.4068,N,00641.6897,E,1,06,2.5,94.4,M,47.6, , 
175013.837,5109.4067,N,00641.6896,E,1,06,2.5,94.5,M,47.6, , 
175014.837,5109.4067,N,00641.6895,E,1,06,2.5,94.7,M,47.6, , 
175015.837,5109.4067,N,00641.6894,E,1,06,2.5,94.9,M,47.6, , 
175016.837,5109.4066,N,00641.6894,E,1,06,2.5,95.0,M,47.6, , 
175017.836,5109.4066,N,00641.6893,E,1,06,2.5,95.3,M,47.6, , 
175018.836,5109.4066,N,00641.6892,E,1,06,2.5,95.5,M,47.6, , 
175019.836,5109.4066,N,00641.6892,E,1,06,2.5,95.8,M,47.6, , 
175020.836,5109.4065,N,00641.6892,E,1,06,2.5,96.0,M,47.6, , 
175021.836,5109.4065,N,00641.6891,E,1,06,2.5,96.2,M,47.6, , 
175022.836,5109.4065,N,00641.6891,E,1,06,2.5,96.4,M,47.6, , 
175023.836,5109.4065,N,00641.6892,E,1,06,2.5,96.6,M,47.6, , 
175024.836,5109.4066,N,00641.6893,E,1,06,2.5,96.7,M,47.6, , 
175025.836,5109.4066,N,00641.6894,E,1,06,2.5,96.8,M,47.6, , 
175026.836,5109.4066,N,00641.6895,E,1,06,2.5,97.0,M,47.6, , 
175027.836,5109.4066,N,00641.6896,E,1,06,2.5,97.1,M,47.6, , 
175028.836,5109.4066,N,00641.6898,E,1,06,2.5,97.1,M,47.6, , 
175029.836,5109.4066,N,00641.6900,E,1,06,2.5,97.1,M,47.6, , 
175030.836,5109.4066,N,00641.6902,E,1,06,2.5,97.1,M,47.6, , 
175031.836,5109.4066,N,00641.6903,E,1,06,2.5,97.0,M,47.6, , 
175032.836,5109.4067,N,00641.6904,E,1,06,2.5,96.8,M,47.6, , 
175033.836,5109.4067,N,00641.6905,E,1,06,2.5,96.7,M,47.6, , 
175034.835,5109.4067,N,00641.6906,E,1,06,2.5,96.5,M,47.6, , 
175035.835,5109.4067,N,00641.6907,E,1,06,2.5,96.3,M,47.6, , 
175036.835,5109.4068,N,00641.6907,E,1,06,2.5,96.2,M,47.6, , 
175037.835,5109.4068,N,00641.6907,E,1,06,2.5,96.1,M,47.6, , 
175038.835,5109.4067,N,00641.6907,E,1,06,2.5,96.0,M,47.6, , 
175039.835,5109.4067,N,00641.6906,E,1,06,2.5,96.0,M,47.6, , 
175040.835,5109.4067,N,00641.6907,E,1,06,2.5,95.9,M,47.6, , 
175041.835,5109.4067,N,00641.6907,E,1,06,2.5,95.7,M,47.6, , 
175042.835,5109.4067,N,00641.6906,E,1,06,2.5,95.5,M,47.6, , 
175043.835,5109.4067,N,00641.6906,E,1,06,2.5,95.4,M,47.6, , 
175044.835,5109.4067,N,00641.6905,E,1,06,2.5,95.6,M,47.6, , 
175045.835,5109.4067,N,00641.6904,E,1,06,2.5,95.9,M,47.6, , 
175046.835,5109.4066,N,00641.6903,E,1,06,2.5,96.2,M,47.6, , 
175047.835,5109.4066,N,00641.6902,E,1,06,2.5,96.7,M,47.6, , 
175048.835,5109.4065,N,00641.6900,E,1,06,2.5,97.0,M,47.6, , 
175049.835,5109.4064,N,00641.6898,E,1,06,2.5,97.3,M,47.6, , 
175050.834,5109.4064,N,00641.6896,E,1,06,2.5,97.6,M,47.6, , 
175051.834,5109.4063,N,00641.6895,E,1,06,2.5,97.9,M,47.6, , 
175052.834,5109.4062,N,00641.6893,E,1,06,2.5,98.1,M,47.6, , 
175053.834,5109.4062,N,00641.6893,E,1,06,2.5,98.3,M,47.6, , 
175054.834,5109.4062,N,00641.6892,E,1,06,2.5,98.4,M,47.6, , 
175055.834,5109.4061,N,00641.6892,E,1,06,2.5,98.5,M,47.6, , 
175056.834,5109.4061,N,00641.6892,E,1,06,2.5,98.6,M,47.6, , 
175057.834,5109.4061,N,00641.6891,E,1,06,2.5,98.5,M,47.6, , 
175058.834,5109.4061,N,00641.6891,E,1,06,2.5,98.5,M,47.6, , 
175059.834,5109.4061,N,00641.6891,E,1,06,2.5,98.4,M,47.6, , 
175100.834,5109.4061,N,00641.6892,E,1,06,2.5,98.4,M,47.6, , 
175101.834,5109.4062,N,00641.6894,E,1,06,2.5,98.3,M,47.6, , 
175102.834,5109.4062,N,00641.6895,E,1,06,2.5,98.2,M,47.6, , 
175103.834,5109.4062,N,00641.6896,E,1,06,2.5,98.2,M,47.6, , 
175104.834,5109.4062,N,00641.6897,E,1,06,2.5,98.2,M,47.6, , 
175105.834,5109.4062,N,00641.6899,E,1,06,2.5,98.2,M,47.6, , 
175106.834,5109.4063,N,00641.6900,E,1,06,2.5,98.3,M,47.6, , 
175107.833,5109.4063,N,00641.6901,E,1,06,2.5,98.3,M,47.6, , 
175108.833,5109.4063,N,00641.6903,E,1,06,2.5,98.2,M,47.6, , 
175109.833,5109.4063,N,00641.6905,E,1,06,2.5,98.1,M,47.6, , 
175110.833,5109.4064,N,00641.6906,E,1,06,2.5,97.8,M,47.6, , 
175111.833,5109.4064,N,00641.6908,E,1,06,2.5,97.6,M,47.6, , 
175112.833,5109.4065,N,00641.6910,E,1,06,2.5,97.4,M,47.6, , 
175113.833,5109.4065,N,00641.6912,E,1,06,2.5,97.1,M,47.6, , 
175114.833,5109.4066,N,00641.6914,E,1,06,2.5,96.9,M,47.6, , 
175115.833,5109.4066,N,00641.6916,E,1,06,2.5,96.7,M,47.6, , 
175116.833,5109.4067,N,00641.6918,E,1,06,2.5,96.5,M,47.6, , 
175117.833,5109.4068,N,00641.6919,E,1,06,2.5,96.2,M,47.6, , 
175118.833,5109.4068,N,00641.6921,E,1,06,2.5,95.9,M,47.6, , 
175119.833,5109.4069,N,00641.6923,E,1,06,2.5,95.6,M,47.6, , 
175120.833,5109.4069,N,00641.6924,E,1,06,2.5,95.2,M,47.6, , 
175121.833,5109.4070,N,00641.6925,E,1,06,2.5,94.8,M,47.6, , 
175122.833,5109.4070,N,00641.6925,E,1,06,2.5,94.5,M,47.6, , 
175123.832,5109.4070,N,00641.6924,E,1,06,2.5,94.4,M,47.6, , 
175124.832,5109.4070,N,00641.6923,E,1,06,2.5,94.3,M,47.6, , 
175125.832,5109.4070,N,00641.6923,E,1,06,2.5,94.3,M,47.6, , 
175126.832,5109.4070,N,00641.6922,E,1,06,2.5,94.3,M,47.6, , 
175127.832,5109.4070,N,00641.6920,E,1,06,2.5,94.4,M,47.6, , 
175128.832,5109.4069,N,00641.6919,E,1,06,2.5,94.4,M,47.6, , 
175129.832,5109.4069,N,00641.6917,E,1,06,2.5,94.4,M,47.6, , 
175130.832,5109.4069,N,00641.6916,E,1,06,2.5,94.4,M,47.6, , 
175131.832,5109.4069,N,00641.6915,E,1,06,2.5,94.4,M,47.6, , 
175132.832,5109.4069,N,00641.6914,E,1,06,2.5,94.5,M,47.6, , 
175133.832,5109.4069,N,00641.6913,E,1,06,2.5,94.5,M,47.6, , 
175134.832,5109.4068,N,00641.6911,E,1,06,2.5,94.6,M,47.6, , 
175135.832,5109.4068,N,00641.6909,E,1,06,2.5,94.8,M,47.6, , 
175136.832,5109.4068,N,00641.6908,E,1,06,2.5,95.0,M,47.6, , 
175137.832,5109.4068,N,00641.6907,E,1,06,2.5,95.2,M,47.6, , 
175138.832,5109.4067,N,00641.6905,E,1,06,2.5,95.4,M,47.6, , 
175139.832,5109.4067,N,00641.6903,E,1,06,2.5,95.6,M,47.6, , 
175140.831,5109.4067,N,00641.6902,E,1,06,2.5,95.7,M,47.6, , 
175141.831,5109.4066,N,00641.6902,E,1,06,2.5,95.7,M,47.6, , 
175142.831,5109.4066,N,00641.6901,E,1,06,2.5,95.8,M,47.6, , 
175143.831,5109.4066,N,00641.6900,E,1,06,2.5,95.9,M,47.6, , 
175144.831,5109.4065,N,00641.6898,E,1,06,2.5,96.1,M,47.6, , 
175145.831,5109.4065,N,00641.6896,E,1,06,2.5,96.2,M,47.6, , 
175146.831,5109.4064,N,00641.6894,E,1,06,2.5,96.4,M,47.6, , 
175147.831,5109.4063,N,00641.6891,E,1,06,2.5,96.6,M,47.6, , 
175148.831,5109.4062,N,00641.6888,E,1,06,2.5,96.9,M,47.6, , 
175149.831,5109.4062,N,00641.6886,E,1,06,2.5,97.2,M,47.6, , 
175150.831,5109.4061,N,00641.6883,E,1,06,2.5,97.5,M,47.6, , 
175151.831,5109.4060,N,00641.6881,E,1,06,2.5,97.9,M,47.6, , 
175152.831,5109.4059,N,00641.6878,E,1,06,2.5,98.5,M,47.6, , 
175153.831,5109.4058,N,00641.6876,E,1,06,2.5,99.1,M,47.6, , 
175154.831,5109.4057,N,00641.6873,E,1,06,2.5,99.6,M,47.6, , 
175155.831,5109.4056,N,00641.6870,E,1,06,2.5,100.2,M,47.6, , 
175156.830,5109.4055,N,00641.6867,E,1,06,2.5,100.8,M,47.6, , 
175157.830,5109.4055,N,00641.6865,E,1,06,2.5,101.3,M,47.6, , 
175158.830,5109.4054,N,00641.6862,E,1,06,2.5,101.8,M,47.6, , 
175159.830,5109.4053,N,00641.6861,E,1,06,2.5,102.2,M,47.6, , 
175200.830,5109.4053,N,00641.6860,E,1,06,2.5,102.5,M,47.6, , 
175201.830,5109.4052,N,00641.6859,E,1,06,2.5,102.7,M,47.6, , 
175202.830,5109.4052,N,00641.6859,E,1,06,2.5,102.8,M,47.6, , 
175203.830,5109.4052,N,00641.6860,E,1,06,2.5,102.8,M,47.6, , 
175204.830,5109.4052,N,00641.6861,E,1,06,2.5,102.7,M,47.6, , 
175205.830,5109.4052,N,00641.6863,E,1,06,2.5,102.6,M,47.6, , 
175206.830,5109.4052,N,00641.6864,E,1,06,2.5,102.4,M,47.6, , 
175207.830,5109.4052,N,00641.6865,E,1,06,2.5,102.2,M,47.6, , 
175208.830,5109.4052,N,00641.6865,E,1,06,2.5,102.1,M,47.6, , 
175209.830,5109.4052,N,00641.6865,E,1,06,2.5,102.0,M,47.6, , 
175210.830,5109.4052,N,00641.6864,E,1,06,2.5,101.8,M,47.6, , 
175211.830,5109.4051,N,00641.6863,E,1,06,2.5,101.7,M,47.6, , 
175212.830,5109.4051,N,00641.6863,E,1,06,2.5,101.6,M,47.6, , 
175213.829,5109.4051,N,00641.6864,E,1,06,2.5,101.5,M,47.6, , 
175214.829,5109.4051,N,00641.6865,E,1,06,2.5,101.3,M,47.6, , 
175215.829,5109.4051,N,00641.6866,E,1,06,2.5,101.2,M,47.6, , 
175216.829,5109.4051,N,00641.6867,E,1,06,2.5,101.0,M,47.6, , 
175217.829,5109.4051,N,00641.6868,E,1,06,2.5,100.9,M,47.6, , 
175218.829,5109.4051,N,00641.6869,E,1,06,2.5,100.8,M,47.6, , 
175219.829,5109.4051,N,00641.6869,E,1,06,2.5,100.9,M,47.6, , 
175220.829,5109.4051,N,00641.6869,E,1,06,2.5,101.0,M,47.6, , 
175221.829,5109.4051,N,00641.6867,E,1,06,2.5,101.0,M,47.6, , 
175222.829,5109.4050,N,00641.6866,E,1,06,2.5,101.1,M,47.6, , 
175223.829,5109.4050,N,00641.6864,E,1,06,2.5,101.2,M,47.6, , 
175224.829,5109.4050,N,00641.6863,E,1,06,2.5,101.3,M,47.6, , 
175225.829,5109.4050,N,00641.6863,E,1,06,2.5,101.3,M,47.6, , 
175226.829,5109.4049,N,00641.6863,E,1,06,2.5,101.3,M,47.6, , 
175227.829,5109.4050,N,00641.6863,E,1,06,2.5,101.2,M,47.6, , 
175228.829,5109.4050,N,00641.6864,E,1,06,2.5,101.1,M,47.6, , 
175229.828,5109.4050,N,00641.6865,E,1,06,2.5,100.9,M,47.6, , 
175230.828,5109.4050,N,00641.6866,E,1,06,2.5,100.8,M,47.6, , 
175231.828,5109.4051,N,00641.6867,E,1,06,2.5,100.7,M,47.6, , 
175232.828,5109.4051,N,00641.6868,E,1,06,2.5,100.5,M,47.6, , 
175233.828,5109.4051,N,00641.6869,E,1,06,2.5,100.4,M,47.6, , 
175234.828,5109.4051,N,00641.6869,E,1,06,2.5,100.4,M,47.6, , 
175235.828,5109.4051,N,00641.6870,E,1,06,2.5,100.5,M,47.6, , 
175236.828,5109.4051,N,00641.6870,E,1,06,2.5,100.5,M,47.6, , 
175237.828,5109.4051,N,00641.6870,E,1,06,2.5,100.5,M,47.6, , 
175238.828,5109.4051,N,00641.6871,E,1,06,2.5,100.5,M,47.6, , 
175239.828,5109.4051,N,00641.6871,E,1,06,2.5,100.6,M,47.6, , 
175240.828,5109.4051,N,00641.6871,E,1,06,2.5,100.7,M,47.6, , 
175241.828,5109.4051,N,00641.6870,E,1,06,2.5,100.8,M,47.6, , 
175242.828,5109.4051,N,00641.6869,E,1,06,2.5,101.2,M,47.6, , 
175243.828,5109.4050,N,00641.6868,E,1,06,2.5,101.5,M,47.6, , 
175244.828,5109.4050,N,00641.6867,E,1,06,2.5,101.7,M,47.6, , 
175245.828,5109.4049,N,00641.6866,E,1,06,2.5,101.8,M,47.6, , 
175246.827,5109.4049,N,00641.6865,E,1,06,2.5,101.8,M,47.6, , 
175247.827,5109.4049,N,00641.6864,E,1,06,2.5,101.9,M,47.6, , 
175248.827,5109.4048,N,00641.6864,E,1,06,2.5,101.9,M,47.6, , 
175249.827,5109.4048,N,00641.6863,E,1,06,2.5,101.9,M,47.6, , 
175250.827,5109.4048,N,00641.6862,E,1,06,2.5,101.9,M,47.6, , 
175251.827,5109.4048,N,00641.6861,E,1,06,2.5,101.8,M,47.6, , 
175252.827,5109.4048,N,00641.6861,E,1,06,2.5,101.7,M,47.6, , 
175253.827,5109.4048,N,00641.6861,E,1,06,2.5,101.6,M,47.6, , 
175254.827,5109.4048,N,00641.6861,E,1,06,2.5,101.6,M,47.6, , 
175255.827,5109.4048,N,00641.6860,E,1,06,2.5,101.4,M,47.6, , 
175256.827,5109.4048,N,00641.6859,E,1,06,2.5,101.4,M,47.6, , 
175257.827,5109.4047,N,00641.6858,E,1,06,2.5,101.3,M,47.6, , 
175258.827,5109.4047,N,00641.6858,E,1,06,2.5,101.3,M,47.6, , 
175259.827,5109.4047,N,00641.6857,E,1,06,2.5,101.3,M,47.6, , 
175300.827,5109.4047,N,00641.6857,E,1,06,2.5,101.5,M,47.6, , 
175301.827,5109.4046,N,00641.6857,E,1,06,2.5,101.6,M,47.6, , 
175302.826,5109.4046,N,00641.6858,E,1,06,2.5,101.7,M,47.6, , 
175303.826,5109.4046,N,00641.6858,E,1,06,2.5,101.8,M,47.6, , 
175304.826,5109.4046,N,00641.6858,E,1,06,2.5,101.9,M,47.6, , 
175305.826,5109.4046,N,00641.6858,E,1,06,2.5,102.0,M,47.6, , 
175306.826,5109.4046,N,00641.6859,E,1,06,2.5,102.1,M,47.6, , 
175307.826,5109.4046,N,00641.6859,E,1,06,2.5,102.3,M,47.6, , 
175308.826,5109.4045,N,00641.6859,E,1,06,2.5,102.7,M,47.6, , 
175309.826,5109.4045,N,00641.6860,E,1,06,2.5,103.0,M,47.6, , 
175310.826,5109.4045,N,00641.6860,E,1,06,2.5,103.3,M,47.6, , 
175311.826,5109.4045,N,00641.6860,E,1,06,2.5,103.5,M,47.6, , 
175312.826,5109.4045,N,00641.6860,E,1,06,2.5,103.6,M,47.6, , 
175313.826,5109.4045,N,00641.6860,E,1,06,2.5,103.6,M,47.6, , 
175314.826,5109.4045,N,00641.6859,E,1,06,2.5,103.6,M,47.6, , 
175315.826,5109.4044,N,00641.6858,E,1,06,2.5,103.6,M,47.6, , 
175316.826,5109.4044,N,00641.6857,E,1,06,2.5,103.6,M,47.6, , 
175317.826,5109.4044,N,00641.6857,E,1,06,2.5,103.5,M,47.6, , 
175318.826,5109.4044,N,00641.6857,E,1,06,2.5,103.4,M,47.6, , 
175319.825,5109.4045,N,00641.6858,E,1,06,2.5,103.3,M,47.6, , 
175320.825,5109.4045,N,00641.6858,E,1,06,2.5,103.2,M,47.6, , 
175321.825,5109.4045,N,00641.6858,E,1,06,2.5,103.0,M,47.6, , 
175322.825,5109.4045,N,00641.6858,E,1,06,2.5,102.8,M,47.6, , 
175323.825,5109.4045,N,00641.6858,E,1,06,2.5,102.6,M,47.6, , 
175324.825,5109.4046,N,00641.6858,E,1,06,2.5,102.4,M,47.6, , 
175325.825,5109.4046,N,00641.6857,E,1,06,2.5,102.3,M,47.6, , 
175326.825,5109.4046,N,00641.6857,E,1,06,2.5,102.2,M,47.6, , 
175327.825,5109.4046,N,00641.6856,E,1,06,2.5,102.1,M,47.6, , 
175328.825,5109.4046,N,00641.6855,E,1,06,2.5,102.0,M,47.6, , 
175329.825,5109.4046,N,00641.6855,E,1,06,2.5,101.9,M,47.6, , 
175330.825,5109.4046,N,00641.6854,E,1,06,2.5,101.9,M,47.6, , 
175331.825,5109.4045,N,00641.6853,E,1,06,2.5,102.0,M,47.6, , 
175332.825,5109.4045,N,00641.6852,E,1,06,2.5,102.2,M,47.6, , 
175333.825,5109.4045,N,00641.6852,E,1,06,2.5,102.5,M,47.6, , 
175334.825,5109.4045,N,00641.6853,E,1,06,2.5,102.7,M,47.6, , 
175335.824,5109.4045,N,00641.6854,E,1,06,2.5,102.8,M,47.6, , 
175336.824,5109.4045,N,00641.6856,E,1,06,2.5,102.8,M,47.6, , 
175337.824,5109.4046,N,00641.6858,E,1,06,2.5,102.5,M,47.6, , 
175338.824,5109.4046,N,00641.6860,E,1,06,2.5,102.2,M,47.6, , 
175339.824,5109.4047,N,00641.6863,E,1,06,2.5,101.9,M,47.6, , 
175340.824,5109.4048,N,00641.6866,E,1,06,2.5,101.6,M,47.6, , 
175341.824,5109.4049,N,00641.6869,E,1,06,2.5,101.3,M,47.6, , 
175342.824,5109.4050,N,00641.6871,E,1,06,2.5,101.0,M,47.6, , 
175343.824,5109.4050,N,00641.6874,E,1,06,2.5,100.6,M,47.6, , 
175344.824,5109.4051,N,00641.6877,E,1,06,2.5,100.2,M,47.6, , 
175345.824,5109.4052,N,00641.6880,E,1,06,2.5,99.9,M,47.6, , 
175346.824,5109.4053,N,00641.6884,E,1,06,2.5,99.4,M,47.6, , 
175347.824,5109.4054,N,00641.6887,E,1,06,2.5,99.1,M,47.6, , 
175348.824,5109.4055,N,00641.6890,E,1,06,2.5,98.6,M,47.6, , 
175349.824,5109.4056,N,00641.6894,E,1,06,2.4,98.1,M,47.6, , 
175350.824,5109.4057,N,00641.6898,E,1,06,2.4,97.6,M,47.6, , 
175351.823,5109.4057,N,00641.6901,E,1,06,2.4,97.2,M,47.6, , 
175352.823,5109.4058,N,00641.6904,E,1,06,2.4,96.7,M,47.6, , 
175353.823,5109.4059,N,00641.6906,E,1,06,2.4,96.2,M,47.6, , 
175354.823,5109.4059,N,00641.6908,E,1,06,2.4,95.7,M,47.6, , 
175355.823,5109.4060,N,00641.6910,E,1,06,2.4,95.3,M,47.6, , 
175356.823,5109.4060,N,00641.6911,E,1,06,2.4,95.0,M,47.6, , 
175357.823,5109.4061,N,00641.6912,E,1,06,2.4,94.7,M,47.6, , 
175358.823,5109.4061,N,00641.6912,E,1,06,2.4,94.4,M,47.6, , 
175359.823,5109.4061,N,00641.6911,E,1,06,2.4,94.3,M,47.6, , 
175400.823,5109.4060,N,00641.6910,E,1,06,2.4,94.2,M,47.6, , 
175401.823,5109.4060,N,00641.6908,E,1,06,2.4,94.3,M,47.6, , 
175402.823,5109.4059,N,00641.6906,E,1,06,2.4,94.4,M,47.6, , 
175403.823,5109.4058,N,00641.6903,E,1,06,2.4,94.4,M,47.6, , 
175404.823,5109.4058,N,00641.6901,E,1,06,2.4,94.4,M,47.6, , 
175405.823,5109.4057,N,00641.6898,E,1,06,2.4,94.5,M,47.6, , 
175406.823,5109.4056,N,00641.6894,E,1,06,2.4,94.6,M,47.6, , 
175407.823,5109.4055,N,00641.6891,E,1,06,2.4,94.8,M,47.6, , 
175408.822,5109.4054,N,00641.6887,E,1,06,2.4,95.1,M,47.6, , 
175409.822,5109.4054,N,00641.6883,E,1,06,2.4,95.4,M,47.6, , 
175410.822,5109.4053,N,00641.6879,E,1,06,2.4,95.7,M,47.6, , 
175411.822,5109.4052,N,00641.6875,E,1,06,2.4,96.1,M,47.6, , 
175412.822,5109.4051,N,00641.6871,E,1,06,2.4,96.6,M,47.6, , 
175413.822,5109.4051,N,00641.6868,E,1,06,2.4,97.1,M,47.6, , 
175414.822,5109.4050,N,00641.6864,E,1,06,2.4,97.8,M,47.6, , 
175415.822,5109.4049,N,00641.6862,E,1,06,2.4,98.4,M,47.6, , 
175416.822,5109.4048,N,00641.6859,E,1,06,2.4,99.1,M,47.6, , 
175417.822,5109.4047,N,00641.6856,E,1,06,2.4,99.7,M,47.6, , 
175418.822,5109.4047,N,00641.6853,E,1,06,2.4,100.3,M,47.6, , 
175419.822,5109.4046,N,00641.6850,E,1,06,2.4,100.9,M,47.6, , 
175420.822,5109.4045,N,00641.6846,E,1,06,2.4,101.5,M,47.6, , 
175421.822,5109.4044,N,00641.6843,E,1,06,2.4,102.2,M,47.6, , 
175422.822,5109.4043,N,00641.6839,E,1,06,2.4,102.9,M,47.6, , 
175423.822,5109.4042,N,00641.6836,E,1,06,2.4,103.5,M,47.6, , 
175424.821,5109.4041,N,00641.6833,E,1,06,2.4,103.9,M,47.6, , 
175425.821,5109.4040,N,00641.6830,E,1,06,2.4,104.3,M,47.6, , 
175426.821,5109.4040,N,00641.6827,E,1,06,2.4,104.6,M,47.6, , 
175427.821,5109.4039,N,00641.6825,E,1,06,2.4,104.9,M,47.6, , 
175428.821,5109.4039,N,00641.6824,E,1,06,2.4,105.1,M,47.6, , 
175429.821,5109.4039,N,00641.6824,E,1,06,2.4,105.3,M,47.6, , 
175430.821,5109.4039,N,00641.6824,E,1,06,2.4,105.5,M,47.6, , 
175431.821,5109.4039,N,00641.6825,E,1,06,2.4,105.8,M,47.6, , 
175432.821,5109.4040,N,00641.6827,E,1,06,2.4,106.0,M,47.6, , 
175433.821,5109.4040,N,00641.6829,E,1,06,2.4,106.1,M,47.6, , 
175434.821,5109.4041,N,00641.6832,E,1,06,2.4,106.1,M,47.6, , 
175435.821,5109.4041,N,00641.6834,E,1,06,2.4,105.9,M,47.6, , 
175436.821,5109.4041,N,00641.6835,E,1,06,2.4,105.7,M,47.6, , 
175437.821,5109.4042,N,00641.6837,E,1,06,2.4,105.5,M,47.6, , 
175438.821,5109.4043,N,00641.6840,E,1,06,2.4,105.3,M,47.6, , 
175439.821,5109.4043,N,00641.6843,E,1,06,2.4,104.9,M,47.6, , 
175440.821,5109.4044,N,00641.6845,E,1,06,2.4,104.4,M,47.6, , 
175441.820,5109.4045,N,00641.6848,E,1,06,2.4,103.9,M,47.6, , 
175442.820,5109.4047,N,00641.6852,E,1,05,7.9,103.4,M,47.6, , 
175443.820,5109.4047,N,00641.6855,E,1,04,11.4,103.0,M,47.6, , 
175444.820,5109.4048,N,00641.6860,E,1,05,7.9,102.3,M,47.6, , 
175445.820,5109.4048,N,00641.6863,E,1,05,7.9,101.8,M,47.6, , 
175446.820,5109.4048,N,00641.6866,E,1,05,7.9,101.3,M,47.6, , 
175447.820,5109.4048,N,00641.6867,E,1,05,7.9,100.9,M,47.6, , 
175448.820,5109.4047,N,00641.6869,E,1,05,7.8,100.7,M,47.6, , 
175449.820,5109.4047,N,00641.6871,E,1,05,7.8,100.4,M,47.6, , 
175450.820,5109.4047,N,00641.6874,E,1,05,7.8,100.2,M,47.6, , 
175451.820,5109.4048,N,00641.6876,E,1,05,7.8,99.9,M,47.6, , 
175452.820,5109.4048,N,00641.6879,E,1,05,7.8,99.5,M,47.6, , 
175453.820,5109.4048,N,00641.6881,E,1,05,7.8,99.1,M,47.6, , 
175454.820,5109.4048,N,00641.6884,E,1,05,7.8,98.6,M,47.6, , 
175455.820,5109.4048,N,00641.6886,E,1,05,7.8,98.2,M,47.6, , 
175456.820,5109.4048,N,00641.6889,E,1,05,7.8,97.9,M,47.6, , 
175457.819,5109.4049,N,00641.6891,E,1,05,7.8,97.4,M,47.6, , 
175458.819,5109.4049,N,00641.6894,E,1,05,7.8,96.9,M,47.6, , 
175459.819,5109.4049,N,00641.6896,E,1,05,7.8,96.2,M,47.6, , 
175500.819,5109.4049,N,00641.6898,E,1,05,7.8,95.6,M,47.6, , 
175501.819,5109.4048,N,00641.6900,E,1,05,7.8,95.0,M,47.6, , 
175502.819,5109.4047,N,00641.6901,E,1,05,7.8,94.3,M,47.6, , 
175503.819,5109.4046,N,00641.6902,E,1,05,7.8,93.8,M,47.6, , 
175504.819,5109.4046,N,00641.6902,E,1,05,7.8,93.6,M,47.6, , 
175505.819,5109.4049,N,00641.6901,E,1,06,3.0,93.9,M,47.6, , 
175506.819,5109.4051,N,00641.6901,E,1,06,3.0,94.4,M,47.6, , 
175507.819,5109.4052,N,00641.6900,E,1,06,3.0,94.8,M,47.6, , 
175508.819,5109.4053,N,00641.6899,E,1,06,3.0,95.4,M,47.6, , 
175509.819,5109.4055,N,00641.6898,E,1,06,3.0,96.1,M,47.6, , 
175510.819,5109.4056,N,00641.6896,E,1,06,3.0,96.9,M,47.6, , 
175511.819,5109.4056,N,00641.6894,E,1,06,3.0,97.3,M,47.6, , 
175512.819,5109.4056,N,00641.6891,E,1,06,3.0,97.6,M,47.6, , 
175513.819,5109.4055,N,00641.6887,E,1,06,3.0,98.0,M,47.6, , 
175514.818,5109.4054,N,00641.6883,E,1,06,3.0,98.4,M,47.6, , 
175515.818,5109.4052,N,00641.6879,E,1,06,3.0,98.7,M,47.6, , 
175516.818,5109.4051,N,00641.6875,E,1,06,2.9,98.9,M,47.6, , 
175517.818,5109.4051,N,00641.6872,E,1,06,2.9,99.0,M,47.6, , 
175518.818,5109.4051,N,00641.6870,E,1,06,2.9,99.0,M,47.6, , 
175519.818,5109.4050,N,00641.6869,E,1,06,2.9,98.9,M,47.6, , 
175520.818,5109.4051,N,00641.6868,E,1,06,2.9,98.7,M,47.6, , 
175521.818,5109.4051,N,00641.6867,E,1,06,2.9,98.4,M,47.6, , 
175522.818,5109.4051,N,00641.6866,E,1,06,2.9,98.2,M,47.6, , 
175523.818,5109.4051,N,00641.6866,E,1,06,2.9,98.3,M,47.6, , 
175524.818,5109.4051,N,00641.6865,E,1,06,2.9,98.4,M,47.6, , 
175525.818,5109.4050,N,00641.6864,E,1,06,2.9,98.6,M,47.6, , 
175526.818,5109.4049,N,00641.6863,E,1,06,2.9,98.5,M,47.6, , 
175527.818,5109.4048,N,00641.6862,E,1,06,2.9,98.4,M,47.6, , 
175528.818,5109.4048,N,00641.6862,E,1,06,2.9,98.2,M,47.6, , 
175529.818,5109.4048,N,00641.6862,E,1,06,2.9,97.9,M,47.6, , 
175530.817,5109.4048,N,00641.6863,E,1,06,2.9,97.5,M,47.6, , 
175531.817,5109.4049,N,00641.6864,E,1,06,2.9,97.2,M,47.6, , 
175532.817,5109.4049,N,00641.6866,E,1,06,2.9,97.2,M,47.6, , 
175533.817,5109.4050,N,00641.6868,E,1,06,2.9,97.3,M,47.6, , 
175534.817,5109.4051,N,00641.6870,E,1,06,2.9,97.4,M,47.6, , 
175535.817,5109.4052,N,00641.6872,E,1,06,2.9,97.5,M,47.6, , 
175536.817,5109.4052,N,00641.6874,E,1,06,2.9,97.6,M,47.6, , 
175537.817,5109.4051,N,00641.6874,E,1,06,2.9,97.4,M,47.6, , 
175538.817,5109.4051,N,00641.6873,E,1,06,2.9,97.2,M,47.6, , 
175539.817,5109.4051,N,00641.6873,E,1,06,2.9,97.0,M,47.6, , 
175540.817,5109.4050,N,00641.6873,E,1,06,2.9,96.8,M,47.6, , 
175541.817,5109.4051,N,00641.6874,E,1,05,3.4,96.6,M,47.6, , 
175542.817,5109.4051,N,00641.6875,E,1,05,3.4,96.4,M,47.6, , 
175543.817,5109.4052,N,00641.6876,E,1,06,2.9,96.3,M,47.6, , 
175544.817,5109.4053,N,00641.6877,E,1,06,2.9,96.1,M,47.6, , 
175545.817,5109.4054,N,00641.6879,E,1,06,2.9,95.8,M,47.6, , 
175546.817,5109.4055,N,00641.6881,E,1,06,2.9,95.4,M,47.6, , 
175547.816,5109.4057,N,00641.6883,E,1,06,2.9,95.0,M,47.6, , 
175548.816,5109.4058,N,00641.6885,E,1,05,3.4,94.6,M,47.6, , 
175549.816,5109.4059,N,00641.6886,E,1,05,3.4,94.4,M,47.6, , 
175550.816,5109.4060,N,00641.6886,E,1,05,3.4,94.2,M,47.6, , 
175551.816,5109.4060,N,00641.6886,E,1,05,3.4,94.0,M,47.6, , 
175552.816,5109.4060,N,00641.6885,E,1,05,3.4,93.8,M,47.6, , 
175553.816,5109.4060,N,00641.6885,E,1,05,3.4,93.6,M,47.6, , 
175554.816,5109.4060,N,00641.6885,E,1,05,3.4,93.5,M,47.6, , 
175555.816,5109.4060,N,00641.6885,E,1,05,3.4,93.3,M,47.6, , 
175556.816,5109.4059,N,00641.6885,E,1,05,3.4,93.1,M,47.6, , 
175557.816,5109.4059,N,00641.6884,E,1,05,3.4,93.0,M,47.6, , 
175558.816,5109.4058,N,00641.6884,E,1,05,3.4,93.0,M,47.6, , 
175559.816,5109.4057,N,00641.6883,E,1,05,3.4,93.0,M,47.6, , 
175600.816,5109.4057,N,00641.6883,E,1,05,3.4,93.0,M,47.6, , 
175601.816,5109.4056,N,00641.6883,E,1,05,3.4,92.9,M,47.6, , 
175602.816,5109.4056,N,00641.6884,E,1,05,3.4,92.7,M,47.6, , 
175603.815,5109.4056,N,00641.6885,E,1,05,3.4,92.6,M,47.6, , 
175604.815,5109.4056,N,00641.6885,E,1,05,3.4,92.6,M,47.6, , 
175605.815,5109.4056,N,00641.6886,E,1,05,3.4,92.5,M,47.6, , 
175606.815,5109.4056,N,00641.6887,E,1,05,3.4,92.3,M,47.6, , 
175607.815,5109.4056,N,00641.6888,E,1,05,3.4,92.4,M,47.6, , 
175608.815,5109.4057,N,00641.6889,E,1,05,3.4,92.6,M,47.6, , 
175609.815,5109.4057,N,00641.6890,E,1,05,3.4,92.7,M,47.6, , 
175610.815,5109.4057,N,00641.6891,E,1,05,3.4,92.8,M,47.6, , 
175611.815,5109.4057,N,00641.6891,E,1,05,3.4,92.9,M,47.6, , 
175612.815,5109.4057,N,00641.6892,E,1,05,3.4,93.0,M,47.6, , 
175613.815,5109.4056,N,00641.6892,E,1,05,3.4,93.2,M,47.6, , 
175614.815,5109.4056,N,00641.6891,E,1,05,3.4,93.5,M,47.6, , 
175615.815,5109.4055,N,00641.6890,E,1,05,3.4,93.8,M,47.6, , 
175616.815,5109.4055,N,00641.6889,E,1,05,3.4,93.9,M,47.6, , 
175617.815,5109.4054,N,00641.6887,E,1,05,3.4,94.0,M,47.6, , 
175618.815,5109.4053,N,00641.6886,E,1,05,3.4,94.3,M,47.6, , 
175619.815,5109.4053,N,00641.6883,E,1,05,3.4,94.8,M,47.6, , 
175620.814,5109.4052,N,00641.6881,E,1,05,3.4,95.2,M,47.6, , 
175621.814,5109.4051,N,00641.6879,E,1,05,3.4,95.7,M,47.6, , 
175622.814,5109.4050,N,00641.6877,E,1,05,3.4,96.2,M,47.6, , 
175623.814,5109.4049,N,00641.6875,E,1,05,3.4,96.8,M,47.6, , 
175624.814,5109.4048,N,00641.6872,E,1,05,3.4,97.4,M,47.6, , 
175625.814,5109.4047,N,00641.6870,E,1,05,3.4,97.9,M,47.6, , 
175626.814,5109.4046,N,00641.6867,E,1,05,3.4,98.4,M,47.6, , 
175627.814,5109.4045,N,00641.6865,E,1,05,3.4,98.8,M,47.6, , 
175628.814,5109.4044,N,00641.6863,E,1,05,3.4,99.1,M,47.6, , 
175629.814,5109.4044,N,00641.6863,E,1,05,3.4,99.2,M,47.6, , 
175630.814,5109.4043,N,00641.6862,E,1,05,3.4,99.4,M,47.6, , 
175631.814,5109.4043,N,00641.6862,E,1,05,3.4,99.5,M,47.6, , 
175632.814,5109.4043,N,00641.6863,E,1,05,3.4,99.5,M,47.6, , 
175633.814,5109.4043,N,00641.6863,E,1,05,3.3,99.5,M,47.6, , 
175634.814,5109.4043,N,00641.6864,E,1,05,3.3,99.4,M,47.6, , 
175635.814,5109.4043,N,00641.6865,E,1,05,3.3,99.1,M,47.6, , 
175636.813,5109.4043,N,00641.6867,E,1,05,3.3,98.9,M,47.6, , 
175637.813,5109.4044,N,00641.6868,E,1,05,3.3,98.7,M,47.6, , 
175638.813,5109.4044,N,00641.6869,E,1,05,3.3,98.7,M,47.6, , 
175639.813,5109.4044,N,00641.6870,E,1,05,3.3,98.7,M,47.6, , 
175640.813,5109.4044,N,00641.6871,E,1,05,3.3,98.7,M,47.6, , 
175641.813,5109.4044,N,00641.6872,E,1,05,3.3,98.6,M,47.6, , 
175642.813,5109.4044,N,00641.6874,E,1,05,3.3,98.5,M,47.6, , 
175643.813,5109.4044,N,00641.6876,E,1,05,3.3,98.5,M,47.6, , 
175644.813,5109.4045,N,00641.6877,E,1,05,3.3,98.6,M,47.6, , 
175645.813,5109.4045,N,00641.6878,E,1,05,3.3,98.7,M,47.6, , 
175646.813,5109.4045,N,00641.6880,E,1,05,3.3,98.8,M,47.6, , 
175647.813,5109.4045,N,00641.6882,E,1,06,2.8,98.8,M,47.6, , 
175648.813,5109.4046,N,00641.6884,E,1,06,2.8,98.9,M,47.6, , 
175649.813,5109.4046,N,00641.6885,E,1,06,2.8,98.9,M,47.6, , 
175650.813,5109.4045,N,00641.6886,E,1,06,2.8,98.7,M,47.6, , 
175651.813,5109.4045,N,00641.6887,E,1,06,2.8,98.6,M,47.6, , 
175652.813,5109.4045,N,00641.6888,E,1,06,2.8,98.5,M,47.6, , 
175653.812,5109.4045,N,00641.6888,E,1,06,2.8,98.3,M,47.6, , 
175654.812,5109.4044,N,00641.6888,E,1,06,2.8,98.1,M,47.6, , 
175655.812,5109.4043,N,00641.6887,E,1,06,2.8,97.9,M,47.6, , 
175656.812,5109.4042,N,00641.6887,E,1,06,2.8,97.8,M,47.6, , 
175657.812,5109.4042,N,00641.6887,E,1,06,2.8,97.9,M,47.6, , 
175658.812,5109.4042,N,00641.6887,E,1,06,2.8,97.8,M,47.6, , 
175659.812,5109.4041,N,00641.6886,E,1,06,2.8,97.8,M,47.6, , 
175700.812,5109.4041,N,00641.6886,E,1,06,2.8,98.0,M,47.6, , 
175701.812,5109.4041,N,00641.6885,E,1,06,2.8,98.2,M,47.6, , 
175702.812,5109.4041,N,00641.6884,E,1,06,2.8,98.5,M,47.6, , 
175703.812,5109.4041,N,00641.6882,E,1,06,2.8,98.7,M,47.6, , 
175704.812,5109.4041,N,00641.6881,E,1,06,2.8,98.6,M,47.6, , 
175705.812,5109.4041,N,00641.6880,E,1,06,2.8,98.6,M,47.6, , 
175706.812,5109.4041,N,00641.6878,E,1,06,2.8,98.5,M,47.6, , 
175707.812,5109.4041,N,00641.6877,E,1,06,2.8,98.3,M,47.6, , 
175708.812,5109.4041,N,00641.6876,E,1,06,2.8,98.0,M,47.6, , 
175709.811,5109.4041,N,00641.6874,E,1,06,2.8,97.7,M,47.6, , 
175710.811,5109.4041,N,00641.6873,E,1,06,2.8,97.2,M,47.6, , 
175711.811,5109.4041,N,00641.6873,E,1,06,2.8,96.9,M,47.6, , 
175712.811,5109.4041,N,00641.6873,E,1,06,2.8,96.6,M,47.6, , 
175713.811,5109.4041,N,00641.6873,E,1,06,2.8,96.3,M,47.6, , 
175714.811,5109.4041,N,00641.6874,E,1,06,2.8,96.3,M,47.6, , 
175715.811,5109.4041,N,00641.6874,E,1,06,2.8,96.5,M,47.6, , 
175716.811,5109.4041,N,00641.6874,E,1,06,2.8,96.7,M,47.6, , 
175717.811,5109.4041,N,00641.6875,E,1,06,2.8,96.8,M,47.6, , 
175718.811,5109.4041,N,00641.6875,E,1,06,2.8,96.9,M,47.6, , 
175719.811,5109.4041,N,00641.6874,E,1,06,2.8,97.2,M,47.6, , 
175720.811,5109.4040,N,00641.6874,E,1,06,2.8,97.4,M,47.6, , 
175721.811,5109.4040,N,00641.6874,E,1,06,2.8,97.5,M,47.6, , 
175722.811,5109.4040,N,00641.6875,E,1,06,2.8,97.5,M,47.6, , 
175723.811,5109.4041,N,00641.6876,E,1,06,2.8,97.3,M,47.6, , 
175724.811,5109.4041,N,00641.6877,E,1,06,2.8,97.0,M,47.6, , 
175725.811,5109.4041,N,00641.6879,E,1,06,2.8,96.7,M,47.6, , 
175726.810,5109.4042,N,00641.6881,E,1,06,2.8,96.5,M,47.6, , 
175727.810,5109.4042,N,00641.6883,E,1,06,2.8,96.0,M,47.6, , 
175728.810,5109.4041,N,00641.6885,E,1,05,7.0,95.7,M,47.6, , 
175729.810,5109.4041,N,00641.6887,E,1,05,7.0,95.6,M,47.6, , 
175730.810,5109.4041,N,00641.6888,E,1,05,7.0,95.6,M,47.6, , 
175731.810,5109.4041,N,00641.6889,E,1,05,7.0,95.5,M,47.6, , 
175732.810,5109.4040,N,00641.6890,E,1,05,7.0,95.5,M,47.6, , 
175733.810,5109.4041,N,00641.6891,E,1,06,2.8,95.5,M,47.6, , 
175734.810,5109.4040,N,00641.6892,E,1,05,7.0,95.5,M,47.6, , 
175735.810,5109.4041,N,00641.6893,E,1,06,2.8,95.6,M,47.6, , 
175736.810,5109.4041,N,00641.6893,E,1,06,2.8,95.7,M,47.6, , 
175737.810,5109.4041,N,00641.6893,E,1,06,2.8,95.7,M,47.6, , 
175738.810,5109.4041,N,00641.6893,E,1,06,2.8,95.8,M,47.6, , 
175739.810,5109.4041,N,00641.6893,E,1,06,2.8,96.0,M,47.6, , 
175740.810,5109.4042,N,00641.6894,E,1,06,2.8,96.3,M,47.6, , 
175741.810,5109.4042,N,00641.6894,E,1,06,2.8,96.6,M,47.6, , 
175742.809,5109.4043,N,00641.6895,E,1,06,2.8,96.9,M,47.6, , 
175743.809,5109.4043,N,00641.6894,E,1,06,2.8,97.3,M,47.6, , 
175744.809,5109.4043,N,00641.6895,E,1,06,2.8,97.5,M,47.6, , 
175745.809,5109.4043,N,00641.6895,E,1,06,2.8,97.7,M,47.6, , 
175746.809,5109.4042,N,00641.6895,E,1,06,2.8,97.9,M,47.6, , 
175747.809,5109.4043,N,00641.6895,E,1,06,2.8,98.0,M,47.6, , 
175748.809,5109.4043,N,00641.6895,E,1,06,2.8,97.9,M,47.6, , 
175749.809,5109.4042,N,00641.6896,E,1,06,2.8,97.7,M,47.6, , 
175750.809,5109.4042,N,00641.6896,E,1,05,7.0,97.3,M,47.6, , 
175751.809,5109.4042,N,00641.6897,E,1,05,6.9,97.0,M,47.6, , 
175752.809,5109.4042,N,00641.6897,E,1,05,6.9,96.8,M,47.6, , 
175753.809,5109.4042,N,00641.6898,E,1,06,2.8,96.4,M,47.6, , 
175754.809,5109.4042,N,00641.6898,E,1,06,2.8,96.1,M,47.6, , 
175755.809,5109.4042,N,00641.6898,E,1,05,6.9,95.8,M,47.6, , 
175756.809,5109.4041,N,00641.6898,E,1,06,2.8,95.3,M,47.6, , 
175757.809,5109.4040,N,00641.6898,E,1,06,2.8,94.9,M,47.6, , 
175758.809,5109.4039,N,00641.6898,E,1,06,2.8,94.6,M,47.6, , 
175759.808,5109.4038,N,00641.6898,E,1,05,6.9,94.4,M,47.6, , 
175800.808,5109.4037,N,00641.6897,E,1,05,6.9,94.3,M,47.6, , 
175801.808,5109.4037,N,00641.6897,E,1,05,6.9,94.3,M,47.6, , 
175802.808,5109.4036,N,00641.6897,E,1,05,6.9,94.2,M,47.6, , 
175803.808,5109.4035,N,00641.6896,E,1,05,6.9,94.2,M,47.6, , 
175804.808,5109.4035,N,00641.6896,E,1,05,6.9,94.2,M,47.6, , 
175805.808,5109.4034,N,00641.6896,E,1,05,6.9,94.2,M,47.6, , 
175806.808,5109.4033,N,00641.6896,E,1,05,6.9,94.2,M,47.6, , 
175807.808,5109.4032,N,00641.6895,E,1,05,6.9,94.2,M,47.6, , 
175808.808,5109.4031,N,00641.6894,E,1,05,6.9,94.3,M,47.6, , 
175809.808,5109.4030,N,00641.6893,E,1,05,6.9,94.5,M,47.6, , 
